date,temperature_2m_max,temperature_2m_min,temperature_2m_mean
2020-01-01 04:00:00+00:00,31.559,24.759,28.065252
2020-01-02 04:00:00+00:00,30.909,25.059,27.808998
2020-01-03 04:00:00+00:00,31.109001,24.459,27.617332
2020-01-04 04:00:00+00:00,31.459,24.209,27.652748
2020-01-05 04:00:00+00:00,31.059,25.409,27.538164
2020-01-06 04:00:00+00:00,28.209,24.859001,26.329832
2020-01-07 04:00:00+00:00,30.059,24.409,26.97775
2020-01-08 04:00:00+00:00,30.259,24.509,27.540247
2020-01-09 04:00:00+00:00,30.709,24.459,27.538162
2020-01-10 04:00:00+00:00,31.559,24.659,27.411081
2020-01-11 04:00:00+00:00,31.109001,24.959,27.594416
2020-01-12 04:00:00+00:00,31.209,24.209,27.411085
2020-01-13 04:00:00+00:00,30.609001,24.509,27.219416
2020-01-14 04:00:00+00:00,29.909,24.159,26.811079
2020-01-15 04:00:00+00:00,30.009,24.209,27.094414
2020-01-16 04:00:00+00:00,31.359001,25.259,28.031914
2020-01-17 04:00:00+00:00,31.359001,25.709,28.027748
2020-01-18 04:00:00+00:00,31.459,25.859001,28.075668
2020-01-19 04:00:00+00:00,31.509,25.459,28.175665
2020-01-20 04:00:00+00:00,31.959,25.409,28.252748
2020-01-21 04:00:00+00:00,31.959,25.609001,28.248579
2020-01-22 04:00:00+00:00,30.109001,25.259,26.965248
2020-01-23 04:00:00+00:00,30.759,25.159,27.817335
2020-01-24 04:00:00+00:00,29.909,25.459,27.34442
2020-01-25 04:00:00+00:00,30.209,24.859001,27.1215
2020-01-26 04:00:00+00:00,30.509,24.959,27.152746
2020-01-27 04:00:00+00:00,30.859001,24.559,27.37358
2020-01-28 04:00:00+00:00,30.559,25.609001,27.831911
2020-01-29 04:00:00+00:00,31.159,25.659,27.921495
2020-01-30 04:00:00+00:00,31.459,24.959,27.725668
2020-01-31 04:00:00+00:00,32.259,25.009,28.261084
2020-02-01 04:00:00+00:00,32.259,25.659,28.44442
2020-02-02 04:00:00+00:00,31.509,25.759,28.244413
2020-02-03 04:00:00+00:00,32.459,25.209,28.259003
2020-02-04 04:00:00+00:00,31.659,25.209,28.11733
2020-02-05 04:00:00+00:00,31.509,24.159,27.64025
2020-02-06 04:00:00+00:00,31.959,24.209,27.875666
2020-02-07 04:00:00+00:00,32.359,24.309,27.906914
2020-02-08 04:00:00+00:00,31.959,25.059,27.773582
2020-02-09 04:00:00+00:00,30.509,24.159,27.242334
2020-02-10 04:00:00+00:00,31.459,24.959,27.884003
2020-02-11 04:00:00+00:00,32.009,24.959,28.025667
2020-02-12 04:00:00+00:00,31.509,25.209,27.90483
2020-02-13 04:00:00+00:00,32.159,25.309,28.094412
2020-02-14 04:00:00+00:00,31.559,25.859001,28.079828
2020-02-15 04:00:00+00:00,31.609001,25.409,28.10483
2020-02-16 04:00:00+00:00,32.159,25.709,28.298582
2020-02-17 04:00:00+00:00,31.809,25.109001,28.18817
2020-02-18 04:00:00+00:00,31.859001,25.509,28.211084
2020-02-19 04:00:00+00:00,31.659,25.709,28.063162
2020-02-20 04:00:00+00:00,31.159,25.259,27.721502
2020-02-21 04:00:00+00:00,31.559,25.009,27.869413
2020-02-22 04:00:00+00:00,30.709,25.009,27.225662
2020-02-23 04:00:00+00:00,30.859001,24.959,27.265251
2020-02-24 04:00:00+00:00,29.909,24.859001,27.02775
2020-02-25 04:00:00+00:00,31.259,25.159,27.744415
2020-02-26 04:00:00+00:00,31.809,25.659,28.25067
2020-02-27 04:00:00+00:00,31.859001,25.459,28.036085
2020-02-28 04:00:00+00:00,30.809,25.059,27.4215
2020-02-29 04:00:00+00:00,30.209,24.809,27.148582
2020-03-01 04:00:00+00:00,31.809,24.909,27.861086
2020-03-02 04:00:00+00:00,31.109001,25.209,27.9215
2020-03-03 04:00:00+00:00,31.859001,24.959,27.9965
2020-03-04 04:00:00+00:00,32.459,24.409,28.173586
2020-03-05 04:00:00+00:00,32.659,25.109001,28.388163
2020-03-06 04:00:00+00:00,32.659,25.259,28.20066
2020-03-07 04:00:00+00:00,30.909,24.709,27.604834
2020-03-08 04:00:00+00:00,30.359001,25.359001,27.359001
2020-03-09 04:00:00+00:00,31.559,25.009,27.909002
2020-03-10 04:00:00+00:00,31.209,24.509,27.550665
2020-03-11 04:00:00+00:00,31.809,25.659,27.919413
2020-03-12 04:00:00+00:00,32.159,25.109001,27.863165
2020-03-13 04:00:00+00:00,31.409,25.159,27.633997
2020-03-14 04:00:00+00:00,30.809,25.109001,27.234
2020-03-15 04:00:00+00:00,31.459,24.559,27.350662
2020-03-16 04:00:00+00:00,30.759,24.759,27.09858
2020-03-17 04:00:00+00:00,30.109001,24.759,27.088165
2020-03-18 04:00:00+00:00,30.759,24.909,27.304832
2020-03-19 04:00:00+00:00,31.109001,24.459,27.519415
2020-03-20 04:00:00+00:00,30.709,24.709,27.39025
2020-03-21 04:00:00+00:00,30.609001,24.209,26.900665
2020-03-22 04:00:00+00:00,30.759,24.209,27.088165
2020-03-23 04:00:00+00:00,31.609001,25.009,27.967339
2020-03-24 04:00:00+00:00,31.859001,25.709,28.231916
2020-03-25 04:00:00+00:00,32.059002,25.609001,28.186087
2020-03-26 04:00:00+00:00,32.009,25.409,28.2715
2020-03-27 04:00:00+00:00,32.159,24.759,27.83608
2020-03-28 04:00:00+00:00,31.659,24.459,27.523584
2020-03-29 04:00:00+00:00,31.709,25.409,28.211082
2020-03-30 04:00:00+00:00,32.109,25.809,28.538168
2020-03-31 04:00:00+00:00,31.909,25.609001,28.286081
2020-04-01 04:00:00+00:00,33.009,25.809,28.490252
2020-04-02 04:00:00+00:00,30.909,26.159,28.200666
2020-04-03 04:00:00+00:00,31.659,26.259,28.39025
2020-04-04 04:00:00+00:00,31.459,25.009,28.323584
2020-04-05 04:00:00+00:00,31.459,26.709,28.738169
2020-04-06 04:00:00+00:00,32.109,26.909,28.967333
2020-04-07 04:00:00+00:00,32.759,26.659,29.213165
2020-04-08 04:00:00+00:00,32.509,27.059,29.134
2020-04-09 04:00:00+00:00,33.809002,26.809,29.625664
2020-04-10 04:00:00+00:00,34.259,27.159,29.781916
2020-04-11 04:00:00+00:00,34.209,27.459,29.936083
2020-04-12 04:00:00+00:00,34.059002,26.909,29.681917
2020-04-13 04:00:00+00:00,33.559002,25.909,29.115248
2020-04-14 04:00:00+00:00,32.009,25.559,28.619415
2020-04-15 04:00:00+00:00,32.909,25.309,28.61525
2020-04-16 04:00:00+00:00,32.309002,25.459,28.554832
2020-04-17 04:00:00+00:00,32.659,25.909,28.754831
2020-04-18 04:00:00+00:00,32.709,26.309,29.05483
2020-04-19 04:00:00+00:00,31.709,27.109001,28.917334
2020-04-20 04:00:00+00:00,33.259,26.859001,29.47358
2020-04-21 04:00:00+00:00,32.809002,26.659,29.311079
2020-04-22 04:00:00+00:00,32.909,26.409,29.256912
2020-04-23 04:00:00+00:00,31.409,25.809,28.29441
2020-04-24 04:00:00+00:00,32.509,25.509,28.402754
2020-04-25 04:00:00+00:00,32.759,25.609001,28.8215
2020-04-26 04:00:00+00:00,33.409,26.359001,29.411081
2020-04-27 04:00:00+00:00,32.909,26.309,29.146502
2020-04-28 04:00:00+00:00,32.409,26.359001,28.95275
2020-04-29 04:00:00+00:00,32.159,26.259,28.844416
2020-04-30 04:00:00+00:00,33.259,26.759,29.556915
2020-05-01 04:00:00+00:00,33.309002,26.909,29.62358
2020-05-02 04:00:00+00:00,33.259,27.359001,29.608995
2020-05-03 04:00:00+00:00,33.009,27.209,29.592337
2020-05-04 04:00:00+00:00,33.509,27.409,29.948584
2020-05-05 04:00:00+00:00,33.959,27.709,30.0715
2020-05-06 04:00:00+00:00,33.259,27.659,29.788162
2020-05-07 04:00:00+00:00,34.059002,27.809,30.256918
2020-05-08 04:00:00+00:00,35.159,27.259,30.440247
2020-05-09 04:00:00+00:00,36.359,27.559,30.6715
2020-05-10 04:00:00+00:00,34.559002,27.659,30.340254
2020-05-11 04:00:00+00:00,35.409,27.309,30.454828
2020-05-12 04:00:00+00:00,33.459,27.509,30.088165
2020-05-13 04:00:00+00:00,33.309002,27.259,29.83816
2020-05-14 04:00:00+00:00,32.609,26.509,29.273582
2020-05-15 04:00:00+00:00,31.909,26.159,29.10275
2020-05-16 04:00:00+00:00,33.559002,26.859001,29.667336
2020-05-17 04:00:00+00:00,35.109,27.209,30.36733
2020-05-18 04:00:00+00:00,33.459,27.559,30.181915
2020-05-19 04:00:00+00:00,32.859,27.709,29.96525
2020-05-20 04:00:00+00:00,33.909,27.059,29.71733
2020-05-21 04:00:00+00:00,36.059002,27.259,30.567331
2020-05-22 04:00:00+00:00,35.459,27.959,30.836088
2020-05-23 04:00:00+00:00,34.959,28.009,30.721497
2020-05-24 04:00:00+00:00,38.159,27.909,31.756918
2020-05-25 04:00:00+00:00,35.759,28.259,31.173584
2020-05-26 04:00:00+00:00,35.459,28.159,31.496504
2020-05-27 04:00:00+00:00,35.609,27.659,30.9465
2020-05-28 04:00:00+00:00,31.309,26.509,28.819418
2020-05-29 04:00:00+00:00,31.959,25.509,28.536085
2020-05-30 04:00:00+00:00,29.009,26.009,27.596497
2020-05-31 04:00:00+00:00,28.559,24.209,26.025667
2020-06-01 04:00:00+00:00,29.859001,25.109001,27.092333
2020-06-02 04:00:00+00:00,29.459,25.559,27.79233
2020-06-03 04:00:00+00:00,30.159,25.559,27.867334
2020-06-04 04:00:00+00:00,31.109001,25.859001,28.502748
2020-06-05 04:00:00+00:00,32.109,26.509,29.025667
2020-06-06 04:00:00+00:00,31.159,26.959,29.000666
2020-06-07 04:00:00+00:00,32.259,26.659,29.188162
2020-06-08 04:00:00+00:00,31.309,27.009,29.081917
2020-06-09 04:00:00+00:00,32.009,27.359001,29.423584
2020-06-10 04:00:00+00:00,28.009,24.709,26.494413
2020-06-11 04:00:00+00:00,29.409,24.559,26.763166
2020-06-12 04:00:00+00:00,28.359001,24.909,26.817335
2020-06-13 04:00:00+00:00,30.259,26.159,28.181915
2020-06-14 04:00:00+00:00,30.709,25.309,28.200666
2020-06-15 04:00:00+00:00,30.509,25.009,28.069414
2020-06-16 04:00:00+00:00,30.159,24.609001,27.908998
2020-06-17 04:00:00+00:00,30.259,25.959,28.113167
2020-06-18 04:00:00+00:00,30.009,25.709,27.971502
2020-06-19 04:00:00+00:00,30.759,25.959,28.046495
2020-06-20 04:00:00+00:00,30.409,26.259,28.28608
2020-06-21 04:00:00+00:00,31.659,26.359001,28.783998
2020-06-22 04:00:00+00:00,31.759,26.409,28.806913
2020-06-23 04:00:00+00:00,31.909,25.759,28.767332
2020-06-24 04:00:00+00:00,31.909,25.309,28.444414
2020-06-25 04:00:00+00:00,32.309002,25.559,28.933998
2020-06-26 04:00:00+00:00,32.359,26.909,29.356913
2020-06-27 04:00:00+00:00,30.909,26.209,28.67983
2020-06-28 04:00:00+00:00,32.109,26.709,29.127748
2020-06-29 04:00:00+00:00,31.959,26.209,28.833998
2020-06-30 04:00:00+00:00,32.759,26.359001,29.334
2020-07-01 04:00:00+00:00,33.159,27.309,29.938166
2020-07-02 04:00:00+00:00,32.159,26.759,29.234
2020-07-03 04:00:00+00:00,32.709,26.659,29.313164
2020-07-04 04:00:00+00:00,32.759,26.459,29.452745
2020-07-05 04:00:00+00:00,32.309002,26.559,29.27358
2020-07-06 04:00:00+00:00,32.659,26.109001,29.273584
2020-07-07 04:00:00+00:00,30.359001,26.859001,28.286085
2020-07-08 04:00:00+00:00,31.809,24.759,28.040245
2020-07-09 04:00:00+00:00,31.459,25.559,28.431915
2020-07-10 04:00:00+00:00,32.609,26.109001,29.11733
2020-07-11 04:00:00+00:00,31.209,26.509,28.861078
2020-07-12 04:00:00+00:00,30.359001,25.309,27.709
2020-07-13 04:00:00+00:00,32.309002,24.409,28.365252
2020-07-14 04:00:00+00:00,32.609,26.559,29.263166
2020-07-15 04:00:00+00:00,32.809002,26.409,29.346497
2020-07-16 04:00:00+00:00,31.659,27.059,29.36525
2020-07-17 04:00:00+00:00,32.309002,26.609001,29.554832
2020-07-18 04:00:00+00:00,33.659,26.859001,29.886084
2020-07-19 04:00:00+00:00,33.009,27.559,30.163164
2020-07-20 04:00:00+00:00,33.509,27.659,30.308998
2020-07-21 04:00:00+00:00,33.009,27.359001,30.175673
2020-07-22 04:00:00+00:00,31.309,24.759,28.721498
2020-07-23 04:00:00+00:00,32.209,25.859001,29.142334
2020-07-24 04:00:00+00:00,29.109001,24.709,27.411085
2020-07-25 04:00:00+00:00,30.609001,24.759,27.983995
2020-07-26 04:00:00+00:00,30.259,25.959,27.913164
2020-07-27 04:00:00+00:00,31.059,25.059,27.888168
2020-07-28 04:00:00+00:00,30.859001,25.909,28.292334
2020-07-29 04:00:00+00:00,30.659,26.109001,28.463163
2020-07-30 04:00:00+00:00,31.859001,26.359001,29.173582
2020-07-31 04:00:00+00:00,33.509,25.859001,29.698584
2020-08-01 04:00:00+00:00,33.459,26.559,30.004835
2020-08-02 04:00:00+00:00,32.959,26.609001,30.181915
2020-08-03 04:00:00+00:00,32.909,26.809,29.542336
2020-08-04 04:00:00+00:00,31.509,25.859001,28.694418
2020-08-05 04:00:00+00:00,31.459,25.659,28.846497
2020-08-06 04:00:00+00:00,31.109001,26.109001,28.706917
2020-08-07 04:00:00+00:00,31.259,25.409,28.46525
2020-08-08 04:00:00+00:00,31.559,26.509,29.033998
2020-08-09 04:00:00+00:00,32.309002,25.909,29.186083
2020-08-10 04:00:00+00:00,32.709,26.909,29.481913
2020-08-11 04:00:00+00:00,32.859,26.509,29.750666
2020-08-12 04:00:00+00:00,33.259,27.309,29.892334
2020-08-13 04:00:00+00:00,33.109,27.009,29.963165
2020-08-14 04:00:00+00:00,33.209,27.309,30.113165
2020-08-15 04:00:00+00:00,32.259,26.559,29.679834
2020-08-16 04:00:00+00:00,31.609001,26.909,29.00067
2020-08-17 04:00:00+00:00,30.259,24.559,28.019419
2020-08-18 04:00:00+00:00,28.759,25.259,27.05275
2020-08-19 04:00:00+00:00,30.159,24.409,27.1215
2020-08-20 04:00:00+00:00,30.259,24.559,27.415247
2020-08-21 04:00:00+00:00,29.659,23.509,27.202751
2020-08-22 04:00:00+00:00,29.759,24.859001,27.2965
2020-08-23 04:00:00+00:00,29.709,24.559,27.117332
2020-08-24 04:00:00+00:00,30.759,25.209,28.002748
2020-08-25 04:00:00+00:00,30.059,25.009,27.673584
2020-08-26 04:00:00+00:00,29.609001,23.759,26.57775
2020-08-27 04:00:00+00:00,29.559,24.959,27.62983
2020-08-28 04:00:00+00:00,30.509,26.109001,28.52775
2020-08-29 04:00:00+00:00,30.759,25.559,28.179832
2020-08-30 04:00:00+00:00,29.409,25.259,27.536085
2020-08-31 04:00:00+00:00,30.309,25.259,27.596497
2020-09-01 04:00:00+00:00,31.309,25.559,28.450666
2020-09-02 04:00:00+00:00,27.859001,24.609001,26.3965
2020-09-03 04:00:00+00:00,29.159,24.209,26.613165
2020-09-04 04:00:00+00:00,30.609001,24.609001,27.806917
2020-09-05 04:00:00+00:00,31.009,25.459,28.500666
2020-09-06 04:00:00+00:00,30.509,25.259,27.961082
2020-09-07 04:00:00+00:00,30.359001,25.159,27.427748
2020-09-08 04:00:00+00:00,29.459,24.409,26.838163
2020-09-09 04:00:00+00:00,29.759,25.059,27.088165
2020-09-10 04:00:00+00:00,30.459,24.509,27.584
2020-09-11 04:00:00+00:00,30.409,26.259,28.473577
2020-09-12 04:00:00+00:00,29.909,24.609001,27.629835
2020-09-13 04:00:00+00:00,30.759,25.209,28.38191
2020-09-14 04:00:00+00:00,30.509,25.609001,28.39025
2020-09-15 04:00:00+00:00,31.109001,25.509,28.331919
2020-09-16 04:00:00+00:00,30.259,24.509,27.563166
2020-09-17 04:00:00+00:00,30.609001,24.459,27.7965
2020-09-18 04:00:00+00:00,30.359001,26.409,28.306921
2020-09-19 04:00:00+00:00,30.259,25.109001,28.054827
2020-09-20 04:00:00+00:00,29.459,25.109001,27.721498
2020-09-21 04:00:00+00:00,31.409,26.159,28.31942
2020-09-22 04:00:00+00:00,31.709,25.359001,28.800667
2020-09-23 04:00:00+00:00,31.659,25.759,28.7715
2020-09-24 04:00:00+00:00,31.609001,24.709,28.402748
2020-09-25 04:00:00+00:00,31.009,25.209,28.596498
2020-09-26 04:00:00+00:00,30.609001,26.159,28.813164
2020-09-27 04:00:00+00:00,31.259,26.359001,28.769419
2020-09-28 04:00:00+00:00,29.909,25.659,28.131918
2020-09-29 04:00:00+00:00,32.159,25.709,28.765251
2020-09-30 04:00:00+00:00,33.359,25.509,28.863167
2020-10-01 04:00:00+00:00,30.109001,24.759,27.650663
2020-10-02 04:00:00+00:00,30.359001,24.409,27.713171
2020-10-03 04:00:00+00:00,29.009,24.709,26.881914
2020-10-04 04:00:00+00:00,30.259,24.609001,27.159002
2020-10-05 04:00:00+00:00,30.259,25.109001,27.259
2020-10-06 04:00:00+00:00,29.859001,24.009,26.888163
2020-10-07 04:00:00+00:00,31.659,25.659,28.204834
2020-10-08 04:00:00+00:00,30.709,25.009,27.798586
2020-10-09 04:00:00+00:00,29.709,24.609001,27.59233
2020-10-10 04:00:00+00:00,30.359001,25.709,28.284002
2020-10-11 04:00:00+00:00,30.959,25.859001,28.481918
2020-10-12 04:00:00+00:00,30.059,24.409,27.740248
2020-10-13 04:00:00+00:00,30.209,24.309,27.375666
2020-10-14 04:00:00+00:00,29.509,24.109001,26.856916
2020-10-15 04:00:00+00:00,30.909,24.309,27.861084
2020-10-16 04:00:00+00:00,30.909,26.109001,28.611082
2020-10-17 04:00:00+00:00,31.059,26.609001,28.619415
2020-10-18 04:00:00+00:00,31.009,25.459,28.431917
2020-10-19 04:00:00+00:00,30.159,24.109001,27.473585
2020-10-20 04:00:00+00:00,28.609001,25.159,26.942335
2020-10-21 04:00:00+00:00,30.709,24.559,27.536081
2020-10-22 04:00:00+00:00,30.459,24.509,28.061083
2020-10-23 04:00:00+00:00,31.009,25.309,28.275667
2020-10-24 04:00:00+00:00,31.159,25.259,27.952745
2020-10-25 04:00:00+00:00,30.009,24.459,27.223577
2020-10-26 04:00:00+00:00,29.759,24.359001,27.394417
2020-10-27 04:00:00+00:00,30.209,24.959,27.834002
2020-10-28 04:00:00+00:00,29.959,25.509,27.808998
2020-10-29 04:00:00+00:00,29.259,24.709,27.411089
2020-10-30 04:00:00+00:00,28.909,25.009,27.038168
2020-10-31 04:00:00+00:00,28.709,24.409,26.402748
2020-11-01 04:00:00+00:00,29.009,24.459,26.367332
2020-11-02 04:00:00+00:00,29.159,24.259,26.731916
2020-11-03 04:00:00+00:00,28.809,24.409,26.47775
2020-11-04 04:00:00+00:00,28.609001,24.009,26.306915
2020-11-05 04:00:00+00:00,29.109001,24.309,26.72775
2020-11-06 04:00:00+00:00,29.009,24.109001,26.608995
2020-11-07 04:00:00+00:00,27.309,24.559,25.84025
2020-11-08 04:00:00+00:00,28.909,24.109001,26.379831
2020-11-09 04:00:00+00:00,29.509,24.759,26.913168
2020-11-10 04:00:00+00:00,29.509,24.509,26.894417
2020-11-11 04:00:00+00:00,29.509,24.409,26.744413
2020-11-12 04:00:00+00:00,29.309,24.409,26.538164
2020-11-13 04:00:00+00:00,28.359001,24.109001,26.127748
2020-11-14 04:00:00+00:00,29.059,23.559,26.17775
2020-11-15 04:00:00+00:00,29.859001,24.259,26.883997
2020-11-16 04:00:00+00:00,28.159,23.709,25.954834
2020-11-17 04:00:00+00:00,27.509,23.559,25.490248
2020-11-18 04:00:00+00:00,28.359001,24.209,25.90275
2020-11-19 04:00:00+00:00,28.409,23.959,26.125664
2020-11-20 04:00:00+00:00,28.609001,24.259,26.854834
2020-11-21 04:00:00+00:00,29.109001,24.509,27.042334
2020-11-22 04:00:00+00:00,29.709,24.109001,27.186087
2020-11-23 04:00:00+00:00,29.659,25.359001,27.6715
2020-11-24 04:00:00+00:00,29.559,25.009,27.548584
2020-11-25 04:00:00+00:00,30.009,24.759,27.348581
2020-11-26 04:00:00+00:00,29.409,24.959,26.954828
2020-11-27 04:00:00+00:00,29.209,24.409,26.65275
2020-11-28 04:00:00+00:00,27.409,24.159,25.806915
2020-11-29 04:00:00+00:00,28.959,24.409,26.477745
2020-11-30 04:00:00+00:00,29.009,24.759,27.069414
2020-12-01 04:00:00+00:00,29.509,25.209,27.458998
2020-12-02 04:00:00+00:00,29.409,24.709,27.22775
2020-12-03 04:00:00+00:00,28.909,23.659,26.694414
2020-12-04 04:00:00+00:00,29.309,23.409,26.4215
2020-12-05 04:00:00+00:00,28.809,23.859001,26.627748
2020-12-06 04:00:00+00:00,29.159,24.809,27.096498
2020-12-07 04:00:00+00:00,29.659,25.359001,27.51525
2020-12-08 04:00:00+00:00,29.909,26.009,27.87358
2020-12-09 04:00:00+00:00,29.009,25.409,27.494415
2020-12-10 04:00:00+00:00,29.959,25.409,27.352747
2020-12-11 04:00:00+00:00,29.809,24.509,26.896502
2020-12-12 04:00:00+00:00,29.159,23.809,26.675667
2020-12-13 04:00:00+00:00,29.859001,23.709,26.846502
2020-12-14 04:00:00+00:00,29.859001,24.709,27.28817
2020-12-15 04:00:00+00:00,29.059,24.909,27.121498
2020-12-16 04:00:00+00:00,29.109001,24.459,27.05483
2020-12-17 04:00:00+00:00,29.709,24.759,27.277748
2020-12-18 04:00:00+00:00,30.109001,24.709,27.356916
2020-12-19 04:00:00+00:00,30.059,24.359001,27.03192
2020-12-20 04:00:00+00:00,29.159,23.759,26.629831
2020-12-21 04:00:00+00:00,30.209,24.409,27.09858
2020-12-22 04:00:00+00:00,30.059,25.209,27.469416
2020-12-23 04:00:00+00:00,30.109001,24.809,27.317331
2020-12-24 04:00:00+00:00,30.259,24.659,27.217337
2020-12-25 04:00:00+00:00,29.659,24.409,26.91317
2020-12-26 04:00:00+00:00,29.209,24.659,26.65275
2020-12-27 04:00:00+00:00,29.409,24.309,26.738167
2020-12-28 04:00:00+00:00,29.009,24.709,26.844414
2020-12-29 04:00:00+00:00,29.559,25.159,26.97775
2020-12-30 04:00:00+00:00,29.809,24.259,26.761084
2020-12-31 04:00:00+00:00,29.909,23.759,26.57775
2021-01-01 04:00:00+00:00,29.759,24.309,26.956919
2021-01-02 04:00:00+00:00,30.259,24.559,27.119417
2021-01-03 04:00:00+00:00,29.909,23.559,26.623583
2021-01-04 04:00:00+00:00,29.409,21.909,25.898582
2021-01-05 04:00:00+00:00,29.559,22.309,25.994413
2021-01-06 04:00:00+00:00,29.909,22.859001,26.469416
2021-01-07 04:00:00+00:00,31.059,24.059,27.279833
2021-01-08 04:00:00+00:00,29.259,25.109001,26.698584
2021-01-09 04:00:00+00:00,28.509,24.209,26.258997
2021-01-10 04:00:00+00:00,29.409,24.009,26.744417
2021-01-11 04:00:00+00:00,30.509,24.659,27.150667
2021-01-12 04:00:00+00:00,29.559,23.209,26.154833
2021-01-13 04:00:00+00:00,30.609001,23.159,26.500666
2021-01-14 04:00:00+00:00,31.109001,23.009,26.588167
2021-01-15 04:00:00+00:00,30.359001,22.909,26.800669
2021-01-16 04:00:00+00:00,30.859001,24.059,27.063162
2021-01-17 04:00:00+00:00,30.659,23.509,26.877748
2021-01-18 04:00:00+00:00,30.709,23.959,26.825668
2021-01-19 04:00:00+00:00,30.809,23.359001,26.831919
2021-01-20 04:00:00+00:00,30.309,24.459,26.919416
2021-01-21 04:00:00+00:00,30.509,23.959,27.090248
2021-01-22 04:00:00+00:00,30.909,24.109001,27.113169
2021-01-23 04:00:00+00:00,30.759,24.059,27.21942
2021-01-24 04:00:00+00:00,31.159,25.109001,27.713165
2021-01-25 04:00:00+00:00,30.009,23.909,27.036087
2021-01-26 04:00:00+00:00,31.059,23.609001,26.977747
2021-01-27 04:00:00+00:00,31.009,24.009,27.198584
2021-01-28 04:00:00+00:00,30.259,24.109001,26.92775
2021-01-29 04:00:00+00:00,30.259,23.909,26.746498
2021-01-30 04:00:00+00:00,30.309,23.509,26.721498
2021-01-31 04:00:00+00:00,31.259,24.009,27.373583
2021-02-01 04:00:00+00:00,31.859001,24.809,27.92775
2021-02-02 04:00:00+00:00,32.609,24.509,27.984001
2021-02-03 04:00:00+00:00,32.259,24.759,27.819418
2021-02-04 04:00:00+00:00,32.459,24.559,27.838167
2021-02-05 04:00:00+00:00,32.159,25.559,28.363167
2021-02-06 04:00:00+00:00,30.959,24.859001,27.831917
2021-02-07 04:00:00+00:00,31.509,24.309,27.62358
2021-02-08 04:00:00+00:00,31.709,24.459,27.440247
2021-02-09 04:00:00+00:00,30.709,24.909,27.471497
2021-02-10 04:00:00+00:00,30.809,24.359001,27.388168
2021-02-11 04:00:00+00:00,30.859001,23.359001,26.763168
2021-02-12 04:00:00+00:00,30.759,24.009,27.069414
2021-02-13 04:00:00+00:00,32.359,24.959,27.877752
2021-02-14 04:00:00+00:00,29.459,26.209,27.2715
2021-02-15 04:00:00+00:00,31.009,24.659,27.475664
2021-02-16 04:00:00+00:00,30.809,24.759,27.548582
2021-02-17 04:00:00+00:00,30.309,23.959,27.009
2021-02-18 04:00:00+00:00,30.459,23.109001,26.809
2021-02-19 04:00:00+00:00,31.309,22.959,26.900667
2021-02-20 04:00:00+00:00,30.759,24.109001,27.16316
2021-02-21 04:00:00+00:00,30.209,24.159,26.694414
2021-02-22 04:00:00+00:00,30.159,23.809,26.531916
2021-02-23 04:00:00+00:00,31.209,24.259,27.35067
2021-02-24 04:00:00+00:00,31.209,24.809,27.573584
2021-02-25 04:00:00+00:00,30.959,25.209,27.552748
2021-02-26 04:00:00+00:00,30.709,25.059,27.525667
2021-02-27 04:00:00+00:00,30.109001,24.059,26.884
2021-02-28 04:00:00+00:00,29.609001,23.659,26.52775
2021-03-01 04:00:00+00:00,30.509,22.759,26.415253
2021-03-02 04:00:00+00:00,30.609001,22.159,26.154833
2021-03-03 04:00:00+00:00,31.059,22.309,26.471498
2021-03-04 04:00:00+00:00,32.059002,23.509,27.000666
2021-03-05 04:00:00+00:00,31.159,24.209,27.0715
2021-03-06 04:00:00+00:00,32.309002,25.109001,28.079832
2021-03-07 04:00:00+00:00,31.509,25.409,27.99858
2021-03-08 04:00:00+00:00,30.809,25.209,27.548578
2021-03-09 04:00:00+00:00,30.359001,24.509,27.131914
2021-03-10 04:00:00+00:00,30.509,23.409,26.817335
2021-03-11 04:00:00+00:00,30.659,23.909,26.988165
2021-03-12 04:00:00+00:00,30.559,23.909,26.86733
2021-03-13 04:00:00+00:00,30.459,24.309,26.938164
2021-03-14 04:00:00+00:00,29.959,24.859001,27.092337
2021-03-15 04:00:00+00:00,30.259,25.009,27.081915
2021-03-16 04:00:00+00:00,29.609001,24.809,26.406916
2021-03-17 04:00:00+00:00,29.859001,24.409,26.902754
2021-03-18 04:00:00+00:00,30.159,24.259,27.088167
2021-03-19 04:00:00+00:00,30.059,23.909,27.0215
2021-03-20 04:00:00+00:00,30.659,24.509,27.184
2021-03-21 04:00:00+00:00,31.709,23.909,27.423584
2021-03-22 04:00:00+00:00,31.309,24.559,27.875662
2021-03-23 04:00:00+00:00,31.609001,25.659,27.856913
2021-03-24 04:00:00+00:00,30.009,25.359001,27.388166
2021-03-25 04:00:00+00:00,30.509,24.609001,27.454832
2021-03-26 04:00:00+00:00,30.859001,23.759,27.1715
2021-03-27 04:00:00+00:00,31.309,23.759,27.134
2021-03-28 04:00:00+00:00,30.909,24.509,27.57775
2021-03-29 04:00:00+00:00,31.059,25.259,27.811083
2021-03-30 04:00:00+00:00,31.659,25.459,28.117332
2021-03-31 04:00:00+00:00,31.609001,25.509,28.161085
2021-04-01 04:00:00+00:00,30.959,25.259,27.890253
2021-04-02 04:00:00+00:00,32.159,25.359001,28.334
2021-04-03 04:00:00+00:00,30.659,26.159,28.056915
2021-04-04 04:00:00+00:00,30.959,25.959,27.859
2021-04-05 04:00:00+00:00,31.409,25.709,28.202751
2021-04-06 04:00:00+00:00,30.959,26.509,28.306917
2021-04-07 04:00:00+00:00,30.359001,25.959,27.673582
2021-04-08 04:00:00+00:00,29.459,25.109001,27.108995
2021-04-09 04:00:00+00:00,28.409,25.559,26.852747
2021-04-10 04:00:00+00:00,29.859001,25.059,27.292336
2021-04-11 04:00:00+00:00,29.559,25.159,27.0465
2021-04-12 04:00:00+00:00,32.609,24.959,28.325668
2021-04-13 04:00:00+00:00,32.459,25.559,28.721497
2021-04-14 04:00:00+00:00,29.509,25.359001,26.808998
2021-04-15 04:00:00+00:00,30.359001,25.259,27.300667
2021-04-16 04:00:00+00:00,30.359001,25.059,27.186087
2021-04-17 04:00:00+00:00,31.109001,25.509,27.775667
2021-04-18 04:00:00+00:00,30.859001,25.359001,27.792334
2021-04-19 04:00:00+00:00,31.859001,25.209,27.958998
2021-04-20 04:00:00+00:00,32.009,24.259,27.786087
2021-04-21 04:00:00+00:00,31.659,24.259,27.792334
2021-04-22 04:00:00+00:00,32.359,24.759,28.242334
2021-04-23 04:00:00+00:00,32.509,25.859001,28.758997
2021-04-24 04:00:00+00:00,32.509,26.409,28.990255
2021-04-25 04:00:00+00:00,32.609,26.909,29.050667
2021-04-26 04:00:00+00:00,33.109,26.209,28.900667
2021-04-27 04:00:00+00:00,31.959,26.059,28.336082
2021-04-28 04:00:00+00:00,29.259,24.709,26.383997
2021-04-29 04:00:00+00:00,27.609001,23.909,25.85275
2021-04-30 04:00:00+00:00,28.359001,24.809,26.502748
2021-05-01 04:00:00+00:00,29.459,24.959,27.015253
2021-05-02 04:00:00+00:00,28.309,24.459,26.750666
2021-05-03 04:00:00+00:00,27.759,24.809,26.12358
2021-05-04 04:00:00+00:00,28.759,24.059,26.227747
2021-05-05 04:00:00+00:00,28.959,25.059,26.623587
2021-05-06 04:00:00+00:00,28.759,24.759,26.692331
2021-05-07 04:00:00+00:00,28.509,24.509,26.72983
2021-05-08 04:00:00+00:00,28.609001,24.559,26.694418
2021-05-09 04:00:00+00:00,28.259,24.359001,26.250666
2021-05-10 04:00:00+00:00,29.409,24.609001,26.846498
2021-05-11 04:00:00+00:00,29.409,24.659,26.933996
2021-05-12 04:00:00+00:00,30.459,24.859001,27.338167
2021-05-13 04:00:00+00:00,30.409,24.459,27.26108
2021-05-14 04:00:00+00:00,30.259,24.409,27.371498
2021-05-15 04:00:00+00:00,30.759,25.009,27.74858
2021-05-16 04:00:00+00:00,30.759,25.509,28.086084
2021-05-17 04:00:00+00:00,30.059,25.259,27.813166
2021-05-18 04:00:00+00:00,30.109001,25.559,27.888166
2021-05-19 04:00:00+00:00,30.859001,25.009,27.892334
2021-05-20 04:00:00+00:00,31.359001,25.559,28.296501
2021-05-21 04:00:00+00:00,32.309002,26.459,28.809004
2021-05-22 04:00:00+00:00,31.759,26.509,28.863165
2021-05-23 04:00:00+00:00,31.659,26.409,28.804834
2021-05-24 04:00:00+00:00,31.609001,26.809,29.152754
2021-05-25 04:00:00+00:00,31.309,26.259,28.436079
2021-05-26 04:00:00+00:00,32.409,25.909,28.748587
2021-05-27 04:00:00+00:00,31.859001,26.109001,28.806913
2021-05-28 04:00:00+00:00,31.159,26.209,28.658998
2021-05-29 04:00:00+00:00,29.809,25.359001,27.37983
2021-05-30 04:00:00+00:00,30.909,25.509,28.069418
2021-05-31 04:00:00+00:00,31.859001,25.809,28.736084
2021-06-01 04:00:00+00:00,30.759,25.159,27.790253
2021-06-02 04:00:00+00:00,28.709,25.409,26.848585
2021-06-03 04:00:00+00:00,29.159,24.959,27.056917
2021-06-04 04:00:00+00:00,29.859001,25.259,27.373583
2021-06-05 04:00:00+00:00,29.709,25.909,27.781916
2021-06-06 04:00:00+00:00,27.559,25.509,26.161081
2021-06-07 04:00:00+00:00,28.309,24.659,26.577751
2021-06-08 04:00:00+00:00,28.859001,24.809,26.84442
2021-06-09 04:00:00+00:00,28.509,24.659,26.746504
2021-06-10 04:00:00+00:00,28.659,24.709,26.846502
2021-06-11 04:00:00+00:00,29.259,25.009,27.390253
2021-06-12 04:00:00+00:00,30.409,25.659,27.861084
2021-06-13 04:00:00+00:00,31.059,25.909,28.08608
2021-06-14 04:00:00+00:00,31.109001,25.259,28.292328
2021-06-15 04:00:00+00:00,29.959,26.009,27.879835
2021-06-16 04:00:00+00:00,30.059,25.459,27.63608
2021-06-17 04:00:00+00:00,29.959,25.509,27.634
2021-06-18 04:00:00+00:00,31.359001,25.609001,28.067335
2021-06-19 04:00:00+00:00,31.659,25.459,28.252748
2021-06-20 04:00:00+00:00,31.809,26.409,28.90483
2021-06-21 04:00:00+00:00,32.159,26.059,28.704832
2021-06-22 04:00:00+00:00,30.859001,25.709,28.265251
2021-06-23 04:00:00+00:00,30.509,25.759,27.986082
2021-06-24 04:00:00+00:00,29.109001,24.959,26.948586
2021-06-25 04:00:00+00:00,29.609001,24.159,26.817331
2021-06-26 04:00:00+00:00,27.909,23.259,25.886084
2021-06-27 04:00:00+00:00,29.259,24.059,26.511084
2021-06-28 04:00:00+00:00,29.559,24.809,27.329832
2021-06-29 04:00:00+00:00,30.409,25.359001,27.71525
2021-06-30 04:00:00+00:00,30.509,25.159,27.869423
2021-07-01 04:00:00+00:00,30.359001,25.559,27.704834
2021-07-02 04:00:00+00:00,29.309,25.009,26.97775
2021-07-03 04:00:00+00:00,29.909,24.159,27.300665
2021-07-04 04:00:00+00:00,31.109001,25.159,27.844414
2021-07-05 04:00:00+00:00,30.859001,24.509,27.498583
2021-07-06 04:00:00+00:00,30.259,25.709,27.884003
2021-07-07 04:00:00+00:00,30.859001,25.659,28.369415
2021-07-08 04:00:00+00:00,31.759,26.159,28.550669
2021-07-09 04:00:00+00:00,31.059,25.959,28.077751
2021-07-10 04:00:00+00:00,29.709,24.509,27.340254
2021-07-11 04:00:00+00:00,29.559,24.959,27.442331
2021-07-12 04:00:00+00:00,31.759,25.759,28.442331
2021-07-13 04:00:00+00:00,32.309002,26.059,28.950666
2021-07-14 04:00:00+00:00,32.359,25.809,28.894419
2021-07-15 04:00:00+00:00,31.909,26.759,29.067335
2021-07-16 04:00:00+00:00,32.709,26.509,29.306917
2021-07-17 04:00:00+00:00,32.909,26.609001,29.544413
2021-07-18 04:00:00+00:00,32.609,25.959,29.219416
2021-07-19 04:00:00+00:00,33.959,26.409,29.78608
2021-07-20 04:00:00+00:00,33.559002,27.409,29.965248
2021-07-21 04:00:00+00:00,33.909,27.709,30.32775
2021-07-22 04:00:00+00:00,33.059002,26.859001,29.579832
2021-07-23 04:00:00+00:00,33.359,26.709,29.573584
2021-07-24 04:00:00+00:00,32.009,26.259,29.100664
2021-07-25 04:00:00+00:00,27.459,23.659,25.877748
2021-07-26 04:00:00+00:00,29.809,24.809,26.74858
2021-07-27 04:00:00+00:00,29.509,24.609001,26.988167
2021-07-28 04:00:00+00:00,29.059,24.509,26.873579
2021-07-29 04:00:00+00:00,31.009,24.809,27.950668
2021-07-30 04:00:00+00:00,30.859001,25.609001,28.219412
2021-07-31 04:00:00+00:00,30.859001,25.809,28.184
2021-08-01 04:00:00+00:00,32.059002,25.909,28.7715
2021-08-02 04:00:00+00:00,32.159,26.359001,28.631914
2021-08-03 04:00:00+00:00,30.459,25.259,27.959
2021-08-04 04:00:00+00:00,29.559,24.909,27.638168
2021-08-05 04:00:00+00:00,31.209,25.609001,28.271502
2021-08-06 04:00:00+00:00,31.659,25.259,28.321503
2021-08-07 04:00:00+00:00,30.209,26.059,28.125666
2021-08-08 04:00:00+00:00,30.059,25.409,27.752745
2021-08-09 04:00:00+00:00,30.759,25.009,28.119417
2021-08-10 04:00:00+00:00,30.859001,26.159,28.531916
2021-08-11 04:00:00+00:00,30.909,26.309,28.577751
2021-08-12 04:00:00+00:00,31.609001,25.409,28.636084
2021-08-13 04:00:00+00:00,31.359001,25.159,28.290247
2021-08-14 04:00:00+00:00,30.059,25.609001,27.756918
2021-08-15 04:00:00+00:00,30.809,24.659,27.61733
2021-08-16 04:00:00+00:00,31.359001,24.559,27.950666
2021-08-17 04:00:00+00:00,30.809,24.559,27.819418
2021-08-18 04:00:00+00:00,29.809,25.409,27.6965
2021-08-19 04:00:00+00:00,30.259,25.059,27.494421
2021-08-20 04:00:00+00:00,29.259,24.309,27.031914
2021-08-21 04:00:00+00:00,30.759,24.459,27.534002
2021-08-22 04:00:00+00:00,31.259,24.609001,27.859
2021-08-23 04:00:00+00:00,30.059,25.009,27.388166
2021-08-24 04:00:00+00:00,29.209,25.159,27.09233
2021-08-25 04:00:00+00:00,29.809,24.459,27.263163
2021-08-26 04:00:00+00:00,29.959,24.559,27.069414
2021-08-27 04:00:00+00:00,29.759,24.609001,27.375664
2021-08-28 04:00:00+00:00,30.009,24.859001,27.769417
2021-08-29 04:00:00+00:00,30.959,25.759,27.95275
2021-08-30 04:00:00+00:00,28.509,25.109001,26.884
2021-08-31 04:00:00+00:00,28.209,25.109001,26.498583
2021-09-01 04:00:00+00:00,30.059,24.059,27.163164
2021-09-02 04:00:00+00:00,30.259,23.859001,27.323584
2021-09-03 04:00:00+00:00,30.609001,25.859001,28.475664
2021-09-04 04:00:00+00:00,29.859001,25.709,28.036085
2021-09-05 04:00:00+00:00,29.509,24.709,26.525663
2021-09-06 04:00:00+00:00,29.809,24.159,27.225664
2021-09-07 04:00:00+00:00,29.459,23.859001,26.713165
2021-09-08 04:00:00+00:00,29.859001,24.859001,27.29233
2021-09-09 04:00:00+00:00,30.709,25.159,27.838163
2021-09-10 04:00:00+00:00,30.109001,25.559,28.109
2021-09-11 04:00:00+00:00,29.959,25.409,27.700666
2021-09-12 04:00:00+00:00,30.009,25.259,27.552752
2021-09-13 04:00:00+00:00,31.409,25.259,28.319414
2021-09-14 04:00:00+00:00,30.659,26.309,28.319414
2021-09-15 04:00:00+00:00,30.759,25.809,28.631918
2021-09-16 04:00:00+00:00,31.659,26.259,28.869415
2021-09-17 04:00:00+00:00,32.059002,25.909,29.052748
2021-09-18 04:00:00+00:00,31.709,26.159,29.04233
2021-09-19 04:00:00+00:00,31.109001,25.709,28.677752
2021-09-20 04:00:00+00:00,32.009,26.259,29.00483
2021-09-21 04:00:00+00:00,30.709,25.359001,28.425667
2021-09-22 04:00:00+00:00,31.409,24.659,27.986086
2021-09-23 04:00:00+00:00,31.159,25.159,27.813166
2021-09-24 04:00:00+00:00,30.609001,24.909,27.4465
2021-09-25 04:00:00+00:00,31.909,25.359001,28.600668
2021-09-26 04:00:00+00:00,31.409,26.509,29.03608
2021-09-27 04:00:00+00:00,31.259,26.409,28.863161
2021-09-28 04:00:00+00:00,29.909,24.559,28.044413
2021-09-29 04:00:00+00:00,29.109001,24.509,26.894415
2021-09-30 04:00:00+00:00,28.759,23.909,26.479834
2021-10-01 04:00:00+00:00,29.559,23.809,26.592333
2021-10-02 04:00:00+00:00,30.009,24.009,27.146502
2021-10-03 04:00:00+00:00,30.309,25.659,28.05483
2021-10-04 04:00:00+00:00,31.209,25.309,28.240248
2021-10-05 04:00:00+00:00,30.709,26.209,28.377747
2021-10-06 04:00:00+00:00,30.409,25.109001,28.011084
2021-10-07 04:00:00+00:00,31.409,25.909,28.429832
2021-10-08 04:00:00+00:00,30.259,26.159,28.142332
2021-10-09 04:00:00+00:00,29.959,24.159,27.529833
2021-10-10 04:00:00+00:00,29.409,25.259,27.800665
2021-10-11 04:00:00+00:00,29.559,25.459,27.671503
2021-10-12 04:00:00+00:00,30.359001,24.909,27.665247
2021-10-13 04:00:00+00:00,30.009,23.809,26.83608
2021-10-14 04:00:00+00:00,30.909,24.859001,28.027754
2021-10-15 04:00:00+00:00,31.109001,23.709,27.469414
2021-10-16 04:00:00+00:00,29.259,24.559,26.992332
2021-10-17 04:00:00+00:00,29.959,24.709,26.815247
2021-10-18 04:00:00+00:00,29.459,23.609001,26.792337
2021-10-19 04:00:00+00:00,30.259,23.959,27.675667
2021-10-20 04:00:00+00:00,29.459,25.559,27.81942
2021-10-21 04:00:00+00:00,29.859001,23.709,26.877748
2021-10-22 04:00:00+00:00,29.809,24.709,27.556913
2021-10-23 04:00:00+00:00,29.459,25.509,27.656916
2021-10-24 04:00:00+00:00,29.459,23.809,27.281916
2021-10-25 04:00:00+00:00,30.159,24.359001,27.41108
2021-10-26 04:00:00+00:00,29.609001,25.059,27.463163
2021-10-27 04:00:00+00:00,28.709,24.709,26.738167
2021-10-28 04:00:00+00:00,29.559,25.109001,26.956915
2021-10-29 04:00:00+00:00,29.459,23.809,26.644415
2021-10-30 04:00:00+00:00,27.959,24.459,26.036085
2021-10-31 04:00:00+00:00,28.059,23.459,26.121498
2021-11-01 04:00:00+00:00,28.409,23.959,25.959
2021-11-02 04:00:00+00:00,28.509,24.859001,26.448584
2021-11-03 04:00:00+00:00,29.559,23.909,26.742332
2021-11-04 04:00:00+00:00,29.209,23.009,26.567331
2021-11-05 04:00:00+00:00,29.509,24.509,27.1965
2021-11-06 04:00:00+00:00,29.809,24.659,27.436079
2021-11-07 04:00:00+00:00,30.259,25.109001,27.72567
2021-11-08 04:00:00+00:00,29.809,25.259,27.74233
2021-11-09 04:00:00+00:00,29.309,25.009,27.331915
2021-11-10 04:00:00+00:00,29.759,24.509,27.17775
2021-11-11 04:00:00+00:00,30.209,24.109001,27.081911
2021-11-12 04:00:00+00:00,30.409,24.259,27.35483
2021-11-13 04:00:00+00:00,30.509,24.809,27.531912
2021-11-14 04:00:00+00:00,29.559,24.759,27.381918
2021-11-15 04:00:00+00:00,30.409,24.309,27.46525
2021-11-16 04:00:00+00:00,30.709,24.409,27.51525
2021-11-17 04:00:00+00:00,29.959,23.309,26.888168
2021-11-18 04:00:00+00:00,29.409,23.909,26.95275
2021-11-19 04:00:00+00:00,30.059,24.309,27.281916
2021-11-20 04:00:00+00:00,29.709,24.709,27.36525
2021-11-21 04:00:00+00:00,29.959,24.609001,27.367332
2021-11-22 04:00:00+00:00,28.109001,25.009,26.769411
2021-11-23 04:00:00+00:00,28.759,24.109001,26.34442
2021-11-24 04:00:00+00:00,28.009,23.959,25.436089
2021-11-25 04:00:00+00:00,27.559,23.359001,25.779837
2021-11-26 04:00:00+00:00,26.809,23.509,25.15692
2021-11-27 04:00:00+00:00,28.959,23.109001,25.794416
2021-11-28 04:00:00+00:00,28.859001,24.009,26.481918
2021-11-29 04:00:00+00:00,29.509,24.359001,26.752748
2021-11-30 04:00:00+00:00,28.809,24.209,26.742332
2021-12-01 04:00:00+00:00,28.859001,24.159,26.544416
2021-12-02 04:00:00+00:00,28.459,24.309,26.590248
2021-12-03 04:00:00+00:00,29.559,22.859001,26.66525
2021-12-04 04:00:00+00:00,29.509,24.159,26.917336
2021-12-05 04:00:00+00:00,30.259,24.209,26.988167
2021-12-06 04:00:00+00:00,29.659,23.709,26.865252
2021-12-07 04:00:00+00:00,29.759,24.459,27.0215
2021-12-08 04:00:00+00:00,29.709,24.109001,26.74233
2021-12-09 04:00:00+00:00,29.909,23.559,26.554832
2021-12-10 04:00:00+00:00,29.359001,24.159,26.66733
2021-12-11 04:00:00+00:00,28.559,23.659,26.163164
2021-12-12 04:00:00+00:00,29.209,23.109001,26.311083
2021-12-13 04:00:00+00:00,29.459,23.759,26.706917
2021-12-14 04:00:00+00:00,29.159,24.109001,26.513168
2021-12-15 04:00:00+00:00,29.159,24.159,26.625666
2021-12-16 04:00:00+00:00,29.959,24.459,26.975664
2021-12-17 04:00:00+00:00,30.309,24.359001,27.058998
2021-12-18 04:00:00+00:00,30.109001,23.659,26.634003
2021-12-19 04:00:00+00:00,30.009,24.159,27.059
2021-12-20 04:00:00+00:00,29.609001,23.509,26.625664
2021-12-21 04:00:00+00:00,30.459,24.259,27.21525
2021-12-22 04:00:00+00:00,31.059,24.859001,27.933998
2021-12-23 04:00:00+00:00,30.209,24.809,27.788164
2021-12-24 04:00:00+00:00,28.759,24.659,26.867334
2021-12-25 04:00:00+00:00,29.859001,24.109001,27.02775
2021-12-26 04:00:00+00:00,29.259,24.759,26.969414
2021-12-27 04:00:00+00:00,29.309,24.109001,26.688164
2021-12-28 04:00:00+00:00,30.159,23.709,26.767334
2021-12-29 04:00:00+00:00,30.109001,23.809,26.946503
2021-12-30 04:00:00+00:00,30.059,23.759,26.804834
2021-12-31 04:00:00+00:00,29.459,23.009,26.561083
2022-01-01 04:00:00+00:00,30.309,23.309,27.023584
2022-01-02 04:00:00+00:00,30.459,23.459,26.85275
2022-01-03 04:00:00+00:00,30.659,23.659,26.961082
2022-01-04 04:00:00+00:00,30.109001,23.659,26.694412
2022-01-05 04:00:00+00:00,29.759,23.459,26.488165
2022-01-06 04:00:00+00:00,30.559,23.259,26.694418
2022-01-07 04:00:00+00:00,30.409,22.859001,26.565248
2022-01-08 04:00:00+00:00,30.259,24.209,26.84025
2022-01-09 04:00:00+00:00,29.409,23.709,26.254831
2022-01-10 04:00:00+00:00,29.509,23.059,26.329832
2022-01-11 04:00:00+00:00,29.359001,24.009,26.306917
2022-01-12 04:00:00+00:00,29.659,22.759,26.298582
2022-01-13 04:00:00+00:00,30.809,23.809,26.738167
2022-01-14 04:00:00+00:00,30.459,24.059,26.644417
2022-01-15 04:00:00+00:00,30.709,24.309,26.929832
2022-01-16 04:00:00+00:00,30.609001,23.609001,26.950668
2022-01-17 04:00:00+00:00,30.359001,24.559,27.311083
2022-01-18 04:00:00+00:00,30.659,24.559,27.142336
2022-01-19 04:00:00+00:00,30.559,23.009,26.717333
2022-01-20 04:00:00+00:00,30.809,24.559,27.569414
2022-01-21 04:00:00+00:00,31.659,24.659,27.713167
2022-01-22 04:00:00+00:00,30.959,24.759,27.39025
2022-01-23 04:00:00+00:00,30.509,24.409,26.99025
2022-01-24 04:00:00+00:00,30.409,23.809,26.881914
2022-01-25 04:00:00+00:00,30.259,24.009,26.979836
2022-01-26 04:00:00+00:00,31.009,24.259,27.031914
2022-01-27 04:00:00+00:00,30.759,23.209,26.546494
2022-01-28 04:00:00+00:00,30.609001,23.709,26.677752
2022-01-29 04:00:00+00:00,30.359001,24.309,26.77775
2022-01-30 04:00:00+00:00,30.359001,24.109001,26.536085
2022-01-31 04:00:00+00:00,30.359001,23.859001,26.604834
2022-02-01 04:00:00+00:00,30.059,24.209,26.802748
2022-02-02 04:00:00+00:00,30.859001,23.859001,27.22775
2022-02-03 04:00:00+00:00,31.509,24.659,27.742332
2022-02-04 04:00:00+00:00,31.309,24.809,27.475668
2022-02-05 04:00:00+00:00,29.809,24.009,26.644419
2022-02-06 04:00:00+00:00,29.959,24.209,26.940254
2022-02-07 04:00:00+00:00,30.909,24.609001,27.423584
2022-02-08 04:00:00+00:00,31.109001,24.759,27.58608
2022-02-09 04:00:00+00:00,30.659,24.759,27.423584
2022-02-10 04:00:00+00:00,31.009,24.159,27.3215
2022-02-11 04:00:00+00:00,30.009,24.059,27.021502
2022-02-12 04:00:00+00:00,31.159,24.159,27.259
2022-02-13 04:00:00+00:00,31.559,24.559,27.6215
2022-02-14 04:00:00+00:00,30.859001,24.459,27.344416
2022-02-15 04:00:00+00:00,30.059,24.009,26.819414
2022-02-16 04:00:00+00:00,30.859001,23.209,26.859001
2022-02-17 04:00:00+00:00,31.009,24.109001,27.319414
2022-02-18 04:00:00+00:00,30.109001,23.909,26.90692
2022-02-19 04:00:00+00:00,30.159,24.209,26.888163
2022-02-20 04:00:00+00:00,29.909,23.609001,26.519415
2022-02-21 04:00:00+00:00,29.859001,23.609001,26.565252
2022-02-22 04:00:00+00:00,30.109001,23.759,26.8215
2022-02-23 04:00:00+00:00,30.409,24.009,26.8715
2022-02-24 04:00:00+00:00,29.959,24.659,26.831915
2022-02-25 04:00:00+00:00,29.759,24.309,26.600668
2022-02-26 04:00:00+00:00,30.159,24.359001,26.913164
2022-02-27 04:00:00+00:00,31.009,24.909,27.350664
2022-02-28 04:00:00+00:00,29.559,24.659,26.944418
2022-03-01 04:00:00+00:00,30.709,24.709,27.47775
2022-03-02 04:00:00+00:00,30.609001,25.109001,27.671495
2022-03-03 04:00:00+00:00,30.659,24.759,27.34442
2022-03-04 04:00:00+00:00,30.509,24.409,27.277748
2022-03-05 04:00:00+00:00,29.409,24.559,26.988165
2022-03-06 04:00:00+00:00,30.559,24.759,27.41733
2022-03-07 04:00:00+00:00,29.859001,23.959,26.742332
2022-03-08 04:00:00+00:00,30.159,24.009,26.954826
2022-03-09 04:00:00+00:00,30.959,24.009,27.150663
2022-03-10 04:00:00+00:00,30.809,24.609001,27.481918
2022-03-11 04:00:00+00:00,29.559,24.109001,26.58816
2022-03-12 04:00:00+00:00,30.309,24.409,27.302748
2022-03-13 04:00:00+00:00,29.109001,24.109001,26.486082
2022-03-14 04:00:00+00:00,29.359001,23.609001,26.5215
2022-03-15 04:00:00+00:00,29.409,23.709,26.596498
2022-03-16 04:00:00+00:00,30.559,23.859001,27.098585
2022-03-17 04:00:00+00:00,31.309,24.859001,27.773582
2022-03-18 04:00:00+00:00,31.659,24.209,27.713165
2022-03-19 04:00:00+00:00,31.209,24.409,27.756914
2022-03-20 04:00:00+00:00,31.459,24.559,27.721497
2022-03-21 04:00:00+00:00,31.059,24.959,27.750666
2022-03-22 04:00:00+00:00,30.859001,24.459,27.577751
2022-03-23 04:00:00+00:00,32.309002,24.209,28.056913
2022-03-24 04:00:00+00:00,31.809,24.359001,27.900667
2022-03-25 04:00:00+00:00,33.159,25.009,28.273582
2022-03-26 04:00:00+00:00,33.309002,25.509,28.694414
2022-03-27 04:00:00+00:00,31.959,25.359001,27.981916
2022-03-28 04:00:00+00:00,29.659,23.409,27.009
2022-03-29 04:00:00+00:00,29.759,24.659,26.848585
2022-03-30 04:00:00+00:00,29.459,24.309,26.704834
2022-03-31 04:00:00+00:00,29.909,24.109001,26.994417
2022-04-01 04:00:00+00:00,30.859001,24.809,27.536085
2022-04-02 04:00:00+00:00,31.459,25.509,27.967329
2022-04-03 04:00:00+00:00,31.909,25.809,28.294418
2022-04-04 04:00:00+00:00,31.759,25.009,27.950666
2022-04-05 04:00:00+00:00,29.909,25.659,27.481916
2022-04-06 04:00:00+00:00,30.709,25.759,27.790253
2022-04-07 04:00:00+00:00,30.659,25.709,28.038164
2022-04-08 04:00:00+00:00,31.709,25.209,28.386078
2022-04-09 04:00:00+00:00,31.859001,25.509,28.438164
2022-04-10 04:00:00+00:00,31.959,25.409,28.313162
2022-04-11 04:00:00+00:00,32.059002,25.909,28.458998
2022-04-12 04:00:00+00:00,32.309002,25.859001,28.52775
2022-04-13 04:00:00+00:00,32.209,25.659,28.475662
2022-04-14 04:00:00+00:00,32.109,25.459,28.431921
2022-04-15 04:00:00+00:00,32.759,25.959,28.7965
2022-04-16 04:00:00+00:00,32.309002,25.659,28.65483
2022-04-17 04:00:00+00:00,29.009,25.809,27.25483
2022-04-18 04:00:00+00:00,31.159,24.459,27.21733
2022-04-19 04:00:00+00:00,29.109001,23.909,26.05275
2022-04-20 04:00:00+00:00,28.759,23.809,25.683998
2022-04-21 04:00:00+00:00,28.409,23.809,25.581919
2022-04-22 04:00:00+00:00,27.659,23.309,24.775667
2022-04-23 04:00:00+00:00,27.609001,23.659,25.838167
2022-04-24 04:00:00+00:00,28.959,24.309,26.640245
2022-04-25 04:00:00+00:00,28.909,24.559,26.404833
2022-04-26 04:00:00+00:00,28.759,24.459,26.50692
2022-04-27 04:00:00+00:00,28.509,24.559,26.565247
2022-04-28 04:00:00+00:00,28.909,23.859001,26.394415
2022-04-29 04:00:00+00:00,29.409,24.359001,26.700668
2022-04-30 04:00:00+00:00,29.859001,25.109001,27.390251
2022-05-01 04:00:00+00:00,30.359001,25.009,27.42775
2022-05-02 04:00:00+00:00,30.609001,24.809,27.748583
2022-05-03 04:00:00+00:00,31.509,25.359001,27.9465
2022-05-04 04:00:00+00:00,30.909,25.409,28.008995
2022-05-05 04:00:00+00:00,30.959,25.409,28.086084
2022-05-06 04:00:00+00:00,27.909,23.659,25.8215
2022-05-07 04:00:00+00:00,28.959,24.509,26.546501
2022-05-08 04:00:00+00:00,29.309,24.509,27.09233
2022-05-09 04:00:00+00:00,30.409,24.859001,27.486082
2022-05-10 04:00:00+00:00,28.759,24.909,26.261084
2022-05-11 04:00:00+00:00,28.809,24.709,26.375664
2022-05-12 04:00:00+00:00,28.159,24.459,26.288168
2022-05-13 04:00:00+00:00,29.859001,25.159,27.352753
2022-05-14 04:00:00+00:00,30.559,25.809,27.819414
2022-05-15 04:00:00+00:00,29.959,26.059,27.767332
2022-05-16 04:00:00+00:00,30.959,25.959,28.142332
2022-05-17 04:00:00+00:00,30.759,26.159,27.904833
2022-05-18 04:00:00+00:00,29.559,25.509,27.604836
2022-05-19 04:00:00+00:00,30.409,25.409,27.7715
2022-05-20 04:00:00+00:00,30.859001,25.359001,27.83608
2022-05-21 04:00:00+00:00,30.209,25.209,27.713171
2022-05-22 04:00:00+00:00,30.909,24.759,27.806913
2022-05-23 04:00:00+00:00,31.559,25.359001,28.267334
2022-05-24 04:00:00+00:00,31.459,26.109001,28.4215
2022-05-25 04:00:00+00:00,31.159,26.209,28.229834
2022-05-26 04:00:00+00:00,30.259,25.509,27.286085
2022-05-27 04:00:00+00:00,28.359001,24.409,26.538168
2022-05-28 04:00:00+00:00,31.309,24.709,27.673584
2022-05-29 04:00:00+00:00,31.409,25.009,28.275665
2022-05-30 04:00:00+00:00,31.909,25.759,28.413164
2022-05-31 04:00:00+00:00,31.259,25.559,28.477745
2022-06-01 04:00:00+00:00,32.309002,25.309,28.531912
2022-06-02 04:00:00+00:00,31.909,25.659,28.852747
2022-06-03 04:00:00+00:00,30.059,26.309,27.908998
2022-06-04 04:00:00+00:00,29.059,23.459,26.309
2022-06-05 04:00:00+00:00,29.109001,23.509,26.742334
2022-06-06 04:00:00+00:00,30.609001,24.259,27.713165
2022-06-07 04:00:00+00:00,30.109001,25.509,27.888168
2022-06-08 04:00:00+00:00,29.209,23.909,26.867332
2022-06-09 04:00:00+00:00,29.059,24.359001,26.802752
2022-06-10 04:00:00+00:00,29.909,23.759,27.1965
2022-06-11 04:00:00+00:00,29.759,25.359001,27.200668
2022-06-12 04:00:00+00:00,28.359001,23.709,25.852753
2022-06-13 04:00:00+00:00,29.259,23.709,26.644411
2022-06-14 04:00:00+00:00,28.609001,24.459,26.290247
2022-06-15 04:00:00+00:00,29.259,23.609001,26.498587
2022-06-16 04:00:00+00:00,29.959,23.609001,26.704832
2022-06-17 04:00:00+00:00,28.959,23.509,26.554834
2022-06-18 04:00:00+00:00,29.909,23.559,26.888163
2022-06-19 04:00:00+00:00,29.509,23.159,26.627754
2022-06-20 04:00:00+00:00,29.109001,24.509,26.906916
2022-06-21 04:00:00+00:00,29.059,23.759,26.806915
2022-06-22 04:00:00+00:00,29.509,23.009,26.852755
2022-06-23 04:00:00+00:00,30.209,25.559,27.86525
2022-06-24 04:00:00+00:00,29.309,25.759,27.336084
2022-06-25 04:00:00+00:00,29.259,23.609001,26.221498
2022-06-26 04:00:00+00:00,27.959,23.909,25.77775
2022-06-27 04:00:00+00:00,29.659,22.409,26.338165
2022-06-28 04:00:00+00:00,28.809,24.059,26.3965
2022-06-29 04:00:00+00:00,28.609001,24.659,26.252747
2022-06-30 04:00:00+00:00,29.509,23.359001,26.481918
2022-07-01 04:00:00+00:00,29.609001,23.259,26.573584
2022-07-02 04:00:00+00:00,29.509,24.459,27.271498
2022-07-03 04:00:00+00:00,30.159,24.609001,27.711084
2022-07-04 04:00:00+00:00,30.159,24.559,27.681915
2022-07-05 04:00:00+00:00,29.909,25.409,27.669418
2022-07-06 04:00:00+00:00,29.309,24.909,27.517328
2022-07-07 04:00:00+00:00,30.259,23.609001,27.736084
2022-07-08 04:00:00+00:00,30.359001,25.109001,27.829834
2022-07-09 04:00:00+00:00,30.559,25.859001,28.246498
2022-07-10 04:00:00+00:00,30.359001,25.759,28.106916
2022-07-11 04:00:00+00:00,29.409,25.409,27.20275
2022-07-12 04:00:00+00:00,30.259,24.359001,27.471497
2022-07-13 04:00:00+00:00,30.309,25.159,27.786085
2022-07-14 04:00:00+00:00,30.809,24.909,27.823584
2022-07-15 04:00:00+00:00,30.859001,25.409,28.184
2022-07-16 04:00:00+00:00,30.509,25.409,28.067335
2022-07-17 04:00:00+00:00,29.759,25.409,27.944418
2022-07-18 04:00:00+00:00,29.309,25.959,27.715248
2022-07-19 04:00:00+00:00,30.309,25.009,27.65275
2022-07-20 04:00:00+00:00,30.159,25.659,27.963167
2022-07-21 04:00:00+00:00,30.459,25.309,27.817331
2022-07-22 04:00:00+00:00,30.509,25.209,28.217333
2022-07-23 04:00:00+00:00,31.159,25.209,28.37358
2022-07-24 04:00:00+00:00,30.709,25.409,28.183998
2022-07-25 04:00:00+00:00,30.659,25.609001,28.321503
2022-07-26 04:00:00+00:00,30.959,25.059,27.53192
2022-07-27 04:00:00+00:00,30.009,24.959,27.596502
2022-07-28 04:00:00+00:00,29.559,23.559,26.367334
2022-07-29 04:00:00+00:00,30.009,24.059,26.79233
2022-07-30 04:00:00+00:00,30.659,25.109001,27.736084
2022-07-31 04:00:00+00:00,30.609001,24.959,27.775665
2022-08-01 04:00:00+00:00,29.759,24.909,27.171501
2022-08-02 04:00:00+00:00,29.859001,25.159,27.483994
2022-08-03 04:00:00+00:00,29.359001,24.259,26.59025
2022-08-04 04:00:00+00:00,28.159,24.809,26.708998
2022-08-05 04:00:00+00:00,29.759,25.109001,27.404833
2022-08-06 04:00:00+00:00,28.509,24.909,27.013168
2022-08-07 04:00:00+00:00,29.659,23.609001,26.817335
2022-08-08 04:00:00+00:00,30.859001,25.209,28.192337
2022-08-09 04:00:00+00:00,31.159,25.559,28.288168
2022-08-10 04:00:00+00:00,29.409,25.859001,27.70067
2022-08-11 04:00:00+00:00,30.709,24.659,27.91733
2022-08-12 04:00:00+00:00,29.909,24.659,27.231913
2022-08-13 04:00:00+00:00,29.559,24.159,26.181917
2022-08-14 04:00:00+00:00,29.059,23.759,26.431913
2022-08-15 04:00:00+00:00,29.859001,24.009,27.088165
2022-08-16 04:00:00+00:00,29.009,23.709,26.509
2022-08-17 04:00:00+00:00,30.059,23.309,26.750666
2022-08-18 04:00:00+00:00,30.209,24.859001,27.665247
2022-08-19 04:00:00+00:00,31.059,24.809,27.94233
2022-08-20 04:00:00+00:00,30.559,25.559,27.356916
2022-08-21 04:00:00+00:00,29.709,23.659,26.736084
2022-08-22 04:00:00+00:00,28.909,24.259,26.42775
2022-08-23 04:00:00+00:00,29.459,23.559,26.356916
2022-08-24 04:00:00+00:00,30.459,25.059,27.892332
2022-08-25 04:00:00+00:00,29.709,23.809,27.396502
2022-08-26 04:00:00+00:00,28.659,23.309,26.24858
2022-08-27 04:00:00+00:00,29.959,23.409,26.934
2022-08-28 04:00:00+00:00,29.509,23.509,26.538164
2022-08-29 04:00:00+00:00,29.809,23.309,26.121498
2022-08-30 04:00:00+00:00,30.359001,23.309,26.908998
2022-08-31 04:00:00+00:00,30.309,25.559,27.92775
2022-09-01 04:00:00+00:00,29.909,25.259,27.72358
2022-09-02 04:00:00+00:00,30.159,25.009,27.859001
2022-09-03 04:00:00+00:00,30.159,25.459,27.909002
2022-09-04 04:00:00+00:00,29.809,24.109001,26.950666
2022-09-05 04:00:00+00:00,30.009,23.759,27.254835
2022-09-06 04:00:00+00:00,29.809,23.909,27.267328
2022-09-07 04:00:00+00:00,29.609001,23.709,27.017336
2022-09-08 04:00:00+00:00,29.909,24.959,27.02983
2022-09-09 04:00:00+00:00,30.559,24.159,27.3215
2022-09-10 04:00:00+00:00,31.259,24.109001,27.838165
2022-09-11 04:00:00+00:00,30.059,25.259,27.7465
2022-09-12 04:00:00+00:00,29.909,23.159,26.773584
2022-09-13 04:00:00+00:00,30.209,23.009,26.6715
2022-09-14 04:00:00+00:00,30.109001,23.159,26.986082
2022-09-15 04:00:00+00:00,30.009,25.059,27.838167
2022-09-16 04:00:00+00:00,30.259,25.659,28.088165
2022-09-17 04:00:00+00:00,29.809,23.709,26.765245
2022-09-18 04:00:00+00:00,29.709,23.859001,26.72358
2022-09-19 04:00:00+00:00,28.859001,24.259,26.36525
2022-09-20 04:00:00+00:00,30.559,24.959,27.300667
2022-09-21 04:00:00+00:00,29.309,23.609001,26.142332
2022-09-22 04:00:00+00:00,28.759,24.159,26.317335
2022-09-23 04:00:00+00:00,29.509,24.809,26.91317
2022-09-24 04:00:00+00:00,30.359001,23.609001,27.22567
2022-09-25 04:00:00+00:00,29.609001,23.959,26.93817
2022-09-26 04:00:00+00:00,30.359001,25.009,27.5465
2022-09-27 04:00:00+00:00,29.909,24.309,27.15483
2022-09-28 04:00:00+00:00,29.459,24.409,26.829834
2022-09-29 04:00:00+00:00,30.309,24.009,26.444418
2022-09-30 04:00:00+00:00,28.659,23.859001,26.225664
2022-10-01 04:00:00+00:00,28.359001,23.559,25.867334
2022-10-02 04:00:00+00:00,29.709,24.059,27.042336
2022-10-03 04:00:00+00:00,30.359001,24.509,27.919418
2022-10-04 04:00:00+00:00,30.309,25.559,28.119417
2022-10-05 04:00:00+00:00,29.709,24.309,26.756914
2022-10-06 04:00:00+00:00,28.659,23.809,25.621498
2022-10-07 04:00:00+00:00,30.309,24.259,26.967337
2022-10-08 04:00:00+00:00,29.809,23.859001,27.317331
2022-10-09 04:00:00+00:00,28.009,23.659,25.88608
2022-10-10 04:00:00+00:00,29.709,23.709,26.37358
2022-10-11 04:00:00+00:00,29.259,24.309,26.809004
2022-10-12 04:00:00+00:00,30.109001,24.909,27.225664
2022-10-13 04:00:00+00:00,29.459,23.609001,26.39025
2022-10-14 04:00:00+00:00,29.109001,24.159,26.606916
2022-10-15 04:00:00+00:00,29.959,24.459,27.148582
2022-10-16 04:00:00+00:00,29.359001,24.359001,27.100664
2022-10-17 04:00:00+00:00,29.159,23.409,26.429832
2022-10-18 04:00:00+00:00,29.059,24.009,26.406916
2022-10-19 04:00:00+00:00,29.459,22.759,26.554832
2022-10-20 04:00:00+00:00,29.259,23.659,26.559
2022-10-21 04:00:00+00:00,29.059,23.609001,26.442335
2022-10-22 04:00:00+00:00,29.609001,23.759,26.754835
2022-10-23 04:00:00+00:00,29.809,22.359001,26.563166
2022-10-24 04:00:00+00:00,29.509,23.459,26.617332
2022-10-25 04:00:00+00:00,29.559,24.459,26.742338
2022-10-26 04:00:00+00:00,28.609001,23.809,25.836082
2022-10-27 04:00:00+00:00,29.109001,23.709,25.927752
2022-10-28 04:00:00+00:00,29.159,24.109001,26.22775
2022-10-29 04:00:00+00:00,28.759,23.009,26.102753
2022-10-30 04:00:00+00:00,30.409,23.759,27.096498
2022-10-31 04:00:00+00:00,30.159,24.859001,27.313166
2022-11-01 04:00:00+00:00,29.959,25.109001,27.161085
2022-11-02 04:00:00+00:00,29.709,24.759,27.04025
2022-11-03 04:00:00+00:00,29.009,24.009,26.59442
2022-11-04 04:00:00+00:00,29.709,23.509,26.32358
2022-11-05 04:00:00+00:00,26.659,24.059,25.294416
2022-11-06 04:00:00+00:00,28.859001,23.009,25.829832
2022-11-07 04:00:00+00:00,29.059,23.359001,26.356918
2022-11-08 04:00:00+00:00,28.109001,23.409,25.66733
2022-11-09 04:00:00+00:00,28.209,24.509,26.04025
2022-11-10 04:00:00+00:00,28.359001,23.459,25.702751
2022-11-11 04:00:00+00:00,28.059,23.359001,25.752748
2022-11-12 04:00:00+00:00,28.309,24.159,25.850664
2022-11-13 04:00:00+00:00,27.909,23.659,25.454834
2022-11-14 04:00:00+00:00,29.059,23.409,26.150665
2022-11-15 04:00:00+00:00,28.709,23.909,26.642328
2022-11-16 04:00:00+00:00,28.809,24.059,26.594416
2022-11-17 04:00:00+00:00,28.709,24.609001,26.461082
2022-11-18 04:00:00+00:00,28.009,23.809,25.49858
2022-11-19 04:00:00+00:00,29.309,23.709,26.4965
2022-11-20 04:00:00+00:00,29.309,24.009,26.717329
2022-11-21 04:00:00+00:00,29.409,24.059,26.625666
2022-11-22 04:00:00+00:00,28.659,23.659,26.388166
2022-11-23 04:00:00+00:00,27.959,23.559,26.098581
2022-11-24 04:00:00+00:00,28.659,23.209,25.748583
2022-11-25 04:00:00+00:00,29.109001,23.009,26.348585
2022-11-26 04:00:00+00:00,28.809,23.259,26.161081
2022-11-27 04:00:00+00:00,28.009,23.709,25.861082
2022-11-28 04:00:00+00:00,28.759,23.309,26.202751
2022-11-29 04:00:00+00:00,28.059,23.609001,25.771498
2022-11-30 04:00:00+00:00,28.009,23.559,25.815248
2022-12-01 04:00:00+00:00,28.309,23.209,25.834
2022-12-02 04:00:00+00:00,26.609001,22.659,25.150671
2022-12-03 04:00:00+00:00,27.809,22.409,25.494415
2022-12-04 04:00:00+00:00,27.609001,22.909,25.546501
2022-12-05 04:00:00+00:00,27.859001,22.409,25.144417
2022-12-06 04:00:00+00:00,28.309,21.459,24.994417
2022-12-07 04:00:00+00:00,27.909,22.059,25.127752
2022-12-08 04:00:00+00:00,27.109001,22.759,25.281916
2022-12-09 04:00:00+00:00,27.659,22.609001,25.467333
2022-12-10 04:00:00+00:00,27.909,23.059,25.486082
2022-12-11 04:00:00+00:00,28.309,23.109001,25.89858
2022-12-12 04:00:00+00:00,28.709,22.559,25.875666
2022-12-13 04:00:00+00:00,28.059,23.409,25.950666
2022-12-14 04:00:00+00:00,28.559,23.459,26.1965
2022-12-15 04:00:00+00:00,29.309,24.009,26.500666
2022-12-16 04:00:00+00:00,29.809,23.909,26.633997
2022-12-17 04:00:00+00:00,29.609001,23.859001,26.538164
2022-12-18 04:00:00+00:00,28.909,22.609001,26.056921
2022-12-19 04:00:00+00:00,29.509,23.409,26.20275
2022-12-20 04:00:00+00:00,29.959,23.259,26.469416
2022-12-21 04:00:00+00:00,30.059,23.709,26.60275
2022-12-22 04:00:00+00:00,29.809,23.509,26.840254
2022-12-23 04:00:00+00:00,30.309,23.459,26.829828
2022-12-24 04:00:00+00:00,30.609001,23.659,26.517334
2022-12-25 04:00:00+00:00,29.659,22.909,26.277748
2022-12-26 04:00:00+00:00,29.659,22.709,26.175669
2022-12-27 04:00:00+00:00,30.259,24.159,26.908997
2022-12-28 04:00:00+00:00,30.159,23.909,26.950666
2022-12-29 04:00:00+00:00,29.509,24.059,26.838167
2022-12-30 04:00:00+00:00,29.859001,23.709,26.756914
2022-12-31 04:00:00+00:00,30.459,24.009,27.002754
2023-01-01 04:00:00+00:00,29.059,24.059,26.659002
2023-01-02 04:00:00+00:00,29.309,23.709,26.448584
2023-01-03 04:00:00+00:00,28.509,24.359001,26.192335
2023-01-04 04:00:00+00:00,28.409,24.459,26.279837
2023-01-05 04:00:00+00:00,29.059,23.109001,26.40692
2023-01-06 04:00:00+00:00,29.859001,23.709,27.017332
2023-01-07 04:00:00+00:00,30.109001,24.309,27.267332
2023-01-08 04:00:00+00:00,29.459,23.809,26.558998
2023-01-09 04:00:00+00:00,29.259,23.259,26.273582
2023-01-10 04:00:00+00:00,29.059,22.709,26.181915
2023-01-11 04:00:00+00:00,28.259,22.909,25.79025
2023-01-12 04:00:00+00:00,28.759,23.809,26.304834
2023-01-13 04:00:00+00:00,28.909,23.409,26.26108
2023-01-14 04:00:00+00:00,29.559,24.109001,26.773582
2023-01-15 04:00:00+00:00,29.609001,24.959,26.783998
2023-01-16 04:00:00+00:00,28.909,22.909,26.106916
2023-01-17 04:00:00+00:00,28.909,22.909,26.286085
2023-01-18 04:00:00+00:00,29.959,23.209,26.829834
2023-01-19 04:00:00+00:00,30.159,23.209,26.796501
2023-01-20 04:00:00+00:00,30.359001,22.959,26.5715
2023-01-21 04:00:00+00:00,31.059,23.009,26.4465
2023-01-22 04:00:00+00:00,30.059,23.209,26.450663
2023-01-23 04:00:00+00:00,30.759,24.259,27.11525
2023-01-24 04:00:00+00:00,30.809,24.109001,27.069412
2023-01-25 04:00:00+00:00,30.809,23.809,27.04025
2023-01-26 04:00:00+00:00,30.409,23.509,26.558998
2023-01-27 04:00:00+00:00,30.059,22.859001,26.09025
2023-01-28 04:00:00+00:00,29.559,22.309,25.898584
2023-01-29 04:00:00+00:00,29.409,21.609001,25.64025
2023-01-30 04:00:00+00:00,29.959,22.809,26.088165
2023-01-31 04:00:00+00:00,29.659,22.609001,25.89025
2023-02-01 04:00:00+00:00,29.409,22.209,25.604837
2023-02-02 04:00:00+00:00,30.109001,22.609001,26.375666
2023-02-03 04:00:00+00:00,30.509,22.559,26.273584
2023-02-04 04:00:00+00:00,30.559,23.159,26.756918
2023-02-05 04:00:00+00:00,31.259,24.909,27.704832
2023-02-06 04:00:00+00:00,30.859001,24.309,27.47775
2023-02-07 04:00:00+00:00,30.659,24.109001,27.119415
2023-02-08 04:00:00+00:00,30.509,24.409,26.992332
2023-02-09 04:00:00+00:00,30.359001,24.209,26.988165
2023-02-10 04:00:00+00:00,30.259,23.609001,26.706917
2023-02-11 04:00:00+00:00,30.309,24.109001,26.940247
2023-02-12 04:00:00+00:00,30.709,24.409,27.079832
2023-02-13 04:00:00+00:00,30.609001,24.259,27.104836
2023-02-14 04:00:00+00:00,30.559,24.559,27.119415
2023-02-15 04:00:00+00:00,30.309,24.759,27.029833
2023-02-16 04:00:00+00:00,30.409,24.259,26.904833
2023-02-17 04:00:00+00:00,30.409,23.059,26.598585
2023-02-18 04:00:00+00:00,29.409,23.109001,26.129835
2023-02-19 04:00:00+00:00,29.959,22.009,25.940247
2023-02-20 04:00:00+00:00,30.459,22.859001,26.256914
2023-02-21 04:00:00+00:00,30.559,22.859001,26.244421
2023-02-22 04:00:00+00:00,30.859001,22.909,26.47775
2023-02-23 04:00:00+00:00,31.859001,23.409,26.721498
2023-02-24 04:00:00+00:00,30.009,23.159,26.190248
2023-02-25 04:00:00+00:00,30.459,23.459,26.427748
2023-02-26 04:00:00+00:00,30.459,23.509,26.361084
2023-02-27 04:00:00+00:00,30.809,23.709,26.898584
2023-02-28 04:00:00+00:00,31.709,24.109001,27.298584
2023-03-01 04:00:00+00:00,32.309002,24.109001,27.588163
2023-03-02 04:00:00+00:00,31.409,24.709,27.40275
2023-03-03 04:00:00+00:00,31.809,24.209,27.4465
2023-03-04 04:00:00+00:00,32.409,24.959,28.063171
2023-03-05 04:00:00+00:00,31.859001,25.159,27.971497
2023-03-06 04:00:00+00:00,31.559,25.109001,27.556917
2023-03-07 04:00:00+00:00,30.409,24.709,27.01108
2023-03-08 04:00:00+00:00,30.359001,24.809,27.194414
2023-03-09 04:00:00+00:00,29.209,25.059,26.638166
2023-03-10 04:00:00+00:00,29.209,24.509,26.471498
2023-03-11 04:00:00+00:00,30.559,24.709,26.984
2023-03-12 04:00:00+00:00,28.109001,24.059,25.763168
2023-03-13 04:00:00+00:00,29.609001,24.009,26.598581
2023-03-14 04:00:00+00:00,29.809,23.759,26.627748
2023-03-15 04:00:00+00:00,31.159,23.909,27.252748
2023-03-16 04:00:00+00:00,31.359001,23.059,26.956919
2023-03-17 04:00:00+00:00,31.209,24.459,27.42775
2023-03-18 04:00:00+00:00,31.059,24.409,27.513166
2023-03-19 04:00:00+00:00,30.959,23.859001,27.336088
2023-03-20 04:00:00+00:00,31.409,23.409,27.209
2023-03-21 04:00:00+00:00,30.859001,24.109001,27.140251
2023-03-22 04:00:00+00:00,30.059,23.309,26.57775
2023-03-23 04:00:00+00:00,30.259,23.559,26.692331
2023-03-24 04:00:00+00:00,30.909,23.559,26.925667
2023-03-25 04:00:00+00:00,30.909,24.059,27.088171
2023-03-26 04:00:00+00:00,31.859001,24.209,27.533998
2023-03-27 04:00:00+00:00,32.559002,24.559,27.775671
2023-03-28 04:00:00+00:00,30.759,24.259,27.217333
2023-03-29 04:00:00+00:00,31.159,24.159,27.261084
2023-03-30 04:00:00+00:00,31.259,24.309,27.548582
2023-03-31 04:00:00+00:00,31.559,24.809,27.779837
2023-04-01 04:00:00+00:00,31.409,25.159,27.859001
2023-04-02 04:00:00+00:00,31.209,25.059,27.877752
2023-04-03 04:00:00+00:00,32.459,25.409,28.221502
2023-04-04 04:00:00+00:00,31.959,25.459,28.219414
2023-04-05 04:00:00+00:00,31.159,25.109001,27.961084
2023-04-06 04:00:00+00:00,30.359001,24.959,27.423576
2023-04-07 04:00:00+00:00,30.109001,23.609001,27.07775
2023-04-08 04:00:00+00:00,30.559,24.859001,27.340242
2023-04-09 04:00:00+00:00,31.709,24.709,28.006914
2023-04-10 04:00:00+00:00,32.509,25.609001,28.677748
2023-04-11 04:00:00+00:00,30.759,26.009,28.175667
2023-04-12 04:00:00+00:00,30.759,25.909,27.919418
2023-04-13 04:00:00+00:00,31.359001,25.309,27.984
2023-04-14 04:00:00+00:00,31.309,24.709,27.879827
2023-04-15 04:00:00+00:00,32.059002,24.759,27.902748
2023-04-16 04:00:00+00:00,32.209,25.459,28.39025
2023-04-17 04:00:00+00:00,29.809,25.709,27.42775
2023-04-18 04:00:00+00:00,30.759,25.609001,27.819414
2023-04-19 04:00:00+00:00,32.059002,25.209,28.244417
2023-04-20 04:00:00+00:00,32.109,24.909,28.244417
2023-04-21 04:00:00+00:00,32.559002,25.709,28.300661
2023-04-22 04:00:00+00:00,28.359001,23.309,25.848581
2023-04-23 04:00:00+00:00,28.659,24.059,26.211082
2023-04-24 04:00:00+00:00,29.959,23.759,26.556915
2023-04-25 04:00:00+00:00,30.259,24.409,27.306913
2023-04-26 04:00:00+00:00,30.909,24.859001,27.62567
2023-04-27 04:00:00+00:00,30.609001,25.209,27.850664
2023-04-28 04:00:00+00:00,29.509,25.009,27.736082
2023-04-29 04:00:00+00:00,30.759,24.209,27.384
2023-04-30 04:00:00+00:00,30.859001,24.759,28.094416
2023-05-01 04:00:00+00:00,31.709,25.659,28.694412
2023-05-02 04:00:00+00:00,33.259,26.209,29.163168
2023-05-03 04:00:00+00:00,32.809002,25.209,28.973585
2023-05-04 04:00:00+00:00,33.859,25.809,29.45275
2023-05-05 04:00:00+00:00,33.959,26.009,29.625664
2023-05-06 04:00:00+00:00,33.859,25.409,29.288164
2023-05-07 04:00:00+00:00,34.159,26.059,29.552752
2023-05-08 04:00:00+00:00,34.859,26.809,30.09025
2023-05-09 04:00:00+00:00,33.959,27.459,30.200663
2023-05-10 04:00:00+00:00,32.009,27.309,29.27775
2023-05-11 04:00:00+00:00,33.409,26.009,29.350668
2023-05-12 04:00:00+00:00,32.559002,26.409,29.344416
2023-05-13 04:00:00+00:00,33.659,26.759,29.996498
2023-05-14 04:00:00+00:00,33.409,26.459,29.215246
2023-05-15 04:00:00+00:00,32.059002,26.959,29.234
2023-05-16 04:00:00+00:00,31.359001,27.259,28.373583
2023-05-17 04:00:00+00:00,29.509,25.359001,27.600664
2023-05-18 04:00:00+00:00,31.809,26.659,28.81942
2023-05-19 04:00:00+00:00,31.609001,26.559,28.815247
2023-05-20 04:00:00+00:00,30.859001,26.659,28.892334
2023-05-21 04:00:00+00:00,30.259,26.009,27.808998
2023-05-22 04:00:00+00:00,30.059,25.359001,27.502748
2023-05-23 04:00:00+00:00,31.109001,25.159,28.05275
2023-05-24 04:00:00+00:00,29.759,24.959,27.617334
2023-05-25 04:00:00+00:00,29.959,25.159,27.317335
2023-05-26 04:00:00+00:00,29.459,25.609001,27.506914
2023-05-27 04:00:00+00:00,31.159,24.609001,27.886086
2023-05-28 04:00:00+00:00,31.509,26.859001,28.731913
2023-05-29 04:00:00+00:00,29.759,26.109001,27.971502
2023-05-30 04:00:00+00:00,29.659,24.659,26.956915
2023-05-31 04:00:00+00:00,31.059,25.909,28.190252
2023-06-01 04:00:00+00:00,30.859001,25.209,27.800669
2023-06-02 04:00:00+00:00,30.159,25.059,27.68608
2023-06-03 04:00:00+00:00,31.059,25.609001,28.492332
2023-06-04 04:00:00+00:00,31.459,24.509,28.459
2023-06-05 04:00:00+00:00,29.509,24.309,26.900667
2023-06-06 04:00:00+00:00,30.059,24.209,27.617334
2023-06-07 04:00:00+00:00,31.409,25.409,28.761084
2023-06-08 04:00:00+00:00,30.609001,26.409,28.61525
2023-06-09 04:00:00+00:00,30.609001,25.909,28.413162
2023-06-10 04:00:00+00:00,30.659,24.459,28.100664
2023-06-11 04:00:00+00:00,30.759,24.309,28.1715
2023-06-12 04:00:00+00:00,31.209,25.659,28.465248
2023-06-13 04:00:00+00:00,31.909,25.659,28.763168
2023-06-14 04:00:00+00:00,31.659,26.459,28.97983
2023-06-15 04:00:00+00:00,31.109001,26.559,28.7965
2023-06-16 04:00:00+00:00,31.809,25.109001,28.575666
2023-06-17 04:00:00+00:00,29.359001,25.159,27.690252
2023-06-18 04:00:00+00:00,30.809,25.309,27.581915
2023-06-19 04:00:00+00:00,32.309002,25.209,28.765251
2023-06-20 04:00:00+00:00,32.459,25.659,29.111082
2023-06-21 04:00:00+00:00,32.009,26.909,29.311083
2023-06-22 04:00:00+00:00,32.059002,26.609001,29.302752
2023-06-23 04:00:00+00:00,31.159,25.859001,28.425665
2023-06-24 04:00:00+00:00,30.109001,26.009,28.16525
2023-06-25 04:00:00+00:00,29.559,25.359001,27.600668
2023-06-26 04:00:00+00:00,30.159,24.809,27.306915
2023-06-27 04:00:00+00:00,30.559,24.609001,27.538162
2023-06-28 04:00:00+00:00,30.559,26.759,28.311089
2023-06-29 04:00:00+00:00,31.509,24.159,28.536081
2023-06-30 04:00:00+00:00,33.209,26.709,29.904837
2023-07-01 04:00:00+00:00,33.209,26.309,29.4965
2023-07-02 04:00:00+00:00,31.259,25.809,28.2965
2023-07-03 04:00:00+00:00,31.659,24.159,28.017332
2023-07-04 04:00:00+00:00,31.159,26.109001,28.294416
2023-07-05 04:00:00+00:00,30.209,26.309,27.986082
2023-07-06 04:00:00+00:00,31.409,25.759,28.156916
2023-07-07 04:00:00+00:00,31.259,25.809,28.354834
2023-07-08 04:00:00+00:00,30.209,25.359001,28.025667
2023-07-09 04:00:00+00:00,31.759,25.159,28.471502
2023-07-10 04:00:00+00:00,32.009,26.259,29.223587
2023-07-11 04:00:00+00:00,30.209,25.509,28.092333
2023-07-12 04:00:00+00:00,31.259,24.259,27.886086
2023-07-13 04:00:00+00:00,31.859001,26.159,28.815247
2023-07-14 04:00:00+00:00,31.809,26.559,29.017332
2023-07-15 04:00:00+00:00,30.259,25.559,28.16525
2023-07-16 04:00:00+00:00,30.509,25.709,28.1215
2023-07-17 04:00:00+00:00,31.109001,26.259,28.609001
2023-07-18 04:00:00+00:00,31.959,26.259,28.931915
2023-07-19 04:00:00+00:00,32.159,26.759,29.486084
2023-07-20 04:00:00+00:00,33.259,26.759,29.725668
2023-07-21 04:00:00+00:00,33.059002,27.309,29.821495
2023-07-22 04:00:00+00:00,31.859001,26.259,28.900665
2023-07-23 04:00:00+00:00,32.109,27.109001,29.092333
2023-07-24 04:00:00+00:00,32.359,27.109001,29.490248
2023-07-25 04:00:00+00:00,32.059002,26.459,29.267334
2023-07-26 04:00:00+00:00,31.259,26.559,28.463165
2023-07-27 04:00:00+00:00,31.109001,24.959,28.236084
2023-07-28 04:00:00+00:00,32.209,26.459,29.038168
2023-07-29 04:00:00+00:00,31.959,26.109001,29.46733
2023-07-30 04:00:00+00:00,32.709,27.109001,29.588165
2023-07-31 04:00:00+00:00,32.509,26.359001,29.738165
2023-08-01 04:00:00+00:00,35.009,25.609001,30.661081
2023-08-02 04:00:00+00:00,34.709,27.159,30.981913
2023-08-03 04:00:00+00:00,34.309002,27.459,30.654837
2023-08-04 04:00:00+00:00,33.909,27.159,30.250666
2023-08-05 04:00:00+00:00,33.159,26.009,29.74025
2023-08-06 04:00:00+00:00,33.859,27.659,30.577751
2023-08-07 04:00:00+00:00,33.709,27.759,30.615248
2023-08-08 04:00:00+00:00,34.209,27.259,30.681913
2023-08-09 04:00:00+00:00,34.659,27.809,30.93817
2023-08-10 04:00:00+00:00,31.859001,27.309,29.679832
2023-08-11 04:00:00+00:00,33.409,26.009,29.573584
2023-08-12 04:00:00+00:00,33.159,27.109001,30.058998
2023-08-13 04:00:00+00:00,33.059002,26.609001,30.056915
2023-08-14 04:00:00+00:00,33.359,27.409,29.998583
2023-08-15 04:00:00+00:00,32.409,26.659,29.586082
2023-08-16 04:00:00+00:00,30.259,26.959,28.446503
2023-08-17 04:00:00+00:00,32.609,24.959,29.000664
2023-08-18 04:00:00+00:00,32.759,26.459,29.729834
2023-08-19 04:00:00+00:00,32.059002,26.659,29.22566
2023-08-20 04:00:00+00:00,31.459,27.009,29.338165
2023-08-21 04:00:00+00:00,33.059002,25.559,29.16525
2023-08-22 04:00:00+00:00,31.409,25.559,28.202751
2023-08-23 04:00:00+00:00,30.809,25.409,28.042334
2023-08-24 04:00:00+00:00,31.309,25.759,28.454832
2023-08-25 04:00:00+00:00,31.509,24.459,28.192337
2023-08-26 04:00:00+00:00,31.659,24.609001,28.696497
2023-08-27 04:00:00+00:00,32.059002,25.759,29.217333
2023-08-28 04:00:00+00:00,33.459,26.409,30.22983
2023-08-29 04:00:00+00:00,33.309002,26.159,29.786081
2023-08-30 04:00:00+00:00,32.509,26.959,29.763166
2023-08-31 04:00:00+00:00,34.859,26.909,30.540247
2023-09-01 04:00:00+00:00,33.759,27.809,30.596502
2023-09-02 04:00:00+00:00,32.859,26.559,29.74025
2023-09-03 04:00:00+00:00,30.809,25.659,28.371504
2023-09-04 04:00:00+00:00,31.859001,23.059,28.940252
2023-09-05 04:00:00+00:00,32.809002,25.659,29.096498
2023-09-06 04:00:00+00:00,33.259,26.759,30.004835
2023-09-07 04:00:00+00:00,32.159,27.309,29.863165
2023-09-08 04:00:00+00:00,30.809,25.509,28.231913
2023-09-09 04:00:00+00:00,31.659,25.609001,29.169416
2023-09-10 04:00:00+00:00,31.159,26.009,28.508995
2023-09-11 04:00:00+00:00,31.609001,24.809,28.421503
2023-09-12 04:00:00+00:00,31.159,24.009,28.358995
2023-09-13 04:00:00+00:00,31.559,25.209,29.025665
2023-09-14 04:00:00+00:00,32.609,26.209,29.556917
2023-09-15 04:00:00+00:00,32.209,25.159,28.725668
2023-09-16 04:00:00+00:00,31.359001,25.209,28.663168
2023-09-17 04:00:00+00:00,30.909,26.459,28.725662
2023-09-18 04:00:00+00:00,31.109001,26.009,28.783998
2023-09-19 04:00:00+00:00,32.759,25.559,28.761084
2023-09-20 04:00:00+00:00,32.159,27.259,29.65275
2023-09-21 04:00:00+00:00,31.959,26.859001,29.602753
2023-09-22 04:00:00+00:00,32.059002,27.709,29.650663
2023-09-23 04:00:00+00:00,32.709,27.159,29.994415
2023-09-24 04:00:00+00:00,31.159,25.409,28.21108
2023-09-25 04:00:00+00:00,33.209,26.459,29.788162
2023-09-26 04:00:00+00:00,32.509,26.509,29.863165
2023-09-27 04:00:00+00:00,31.809,26.959,29.561083
2023-09-28 04:00:00+00:00,32.859,26.909,29.900665
2023-09-29 04:00:00+00:00,32.559002,26.509,29.556915
2023-09-30 04:00:00+00:00,32.809002,27.059,30.234001
2023-10-01 04:00:00+00:00,32.709,28.659,30.31733
2023-10-02 04:00:00+00:00,32.609,26.609001,29.606918
2023-10-03 04:00:00+00:00,33.059002,26.359001,29.525667
2023-10-04 04:00:00+00:00,31.509,26.209,28.081917
2023-10-05 04:00:00+00:00,29.759,25.659,27.177752
2023-10-06 04:00:00+00:00,31.309,24.909,28.246498
2023-10-07 04:00:00+00:00,31.659,25.709,28.88608
2023-10-08 04:00:00+00:00,31.409,26.159,29.246498
2023-10-09 04:00:00+00:00,32.809002,25.209,29.773584
2023-10-10 04:00:00+00:00,31.959,25.109001,28.934004
2023-10-11 04:00:00+00:00,32.259,26.609001,29.011084
2023-10-12 04:00:00+00:00,32.859,25.959,29.567331
2023-10-13 04:00:00+00:00,32.909,26.809,30.167334
2023-10-14 04:00:00+00:00,32.309002,25.259,29.306915
2023-10-15 04:00:00+00:00,31.559,24.059,28.500666
2023-10-16 04:00:00+00:00,30.459,26.159,28.152746
2023-10-17 04:00:00+00:00,31.659,24.709,28.4465
2023-10-18 04:00:00+00:00,31.209,24.709,28.254831
2023-10-19 04:00:00+00:00,31.609001,26.209,29.27983
2023-10-20 04:00:00+00:00,32.009,25.309,28.467337
2023-10-21 04:00:00+00:00,30.709,25.559,27.592333
2023-10-22 04:00:00+00:00,31.309,24.809,27.577751
2023-10-23 04:00:00+00:00,31.509,25.009,28.361078
2023-10-24 04:00:00+00:00,30.709,25.359001,27.971502
2023-10-25 04:00:00+00:00,30.409,24.609001,26.846498
2023-10-26 04:00:00+00:00,29.109001,23.909,26.377748
2023-10-27 04:00:00+00:00,28.259,24.159,26.261084
2023-10-28 04:00:00+00:00,29.659,24.859001,26.479834
2023-10-29 04:00:00+00:00,29.659,23.309,26.500666
2023-10-30 04:00:00+00:00,30.259,24.559,27.45275
2023-10-31 04:00:00+00:00,29.409,24.959,27.127748
2023-11-01 04:00:00+00:00,30.209,24.409,27.14025
2023-11-02 04:00:00+00:00,29.559,24.509,26.71733
2023-11-03 04:00:00+00:00,29.459,22.659,26.41317
2023-11-04 04:00:00+00:00,30.409,24.609001,27.581917
2023-11-05 04:00:00+00:00,30.059,24.609001,27.534002
2023-11-06 04:00:00+00:00,30.559,24.509,27.023582
2023-11-07 04:00:00+00:00,30.309,24.759,27.586082
2023-11-08 04:00:00+00:00,31.909,25.909,28.694414
2023-11-09 04:00:00+00:00,31.209,25.359001,28.761084
2023-11-10 04:00:00+00:00,31.359001,26.459,28.796495
2023-11-11 04:00:00+00:00,30.859001,26.009,28.31942
2023-11-12 04:00:00+00:00,30.259,25.409,28.011086
2023-11-13 04:00:00+00:00,31.009,25.959,28.517332
2023-11-14 04:00:00+00:00,31.559,26.109001,28.773582
2023-11-15 04:00:00+00:00,31.209,26.259,28.494413
2023-11-16 04:00:00+00:00,31.509,25.909,28.709
2023-11-17 04:00:00+00:00,32.109,25.859001,28.92983
2023-11-18 04:00:00+00:00,31.209,26.359001,28.350668
2023-11-19 04:00:00+00:00,30.059,24.409,26.9965
2023-11-20 04:00:00+00:00,29.859001,25.159,27.209
2023-11-21 04:00:00+00:00,30.759,24.809,27.74858
2023-11-22 04:00:00+00:00,29.909,25.109001,27.35483
2023-11-23 04:00:00+00:00,30.709,24.709,27.596497
2023-11-24 04:00:00+00:00,30.209,25.109001,27.781912
2023-11-25 04:00:00+00:00,30.309,24.459,27.56317
2023-11-26 04:00:00+00:00,30.459,25.209,27.873579
2023-11-27 04:00:00+00:00,31.309,25.109001,27.834002
2023-11-28 04:00:00+00:00,31.109001,25.359001,28.048586
2023-11-29 04:00:00+00:00,30.009,24.909,27.808996
2023-11-30 04:00:00+00:00,31.009,25.059,27.71942
2023-12-01 04:00:00+00:00,29.909,23.709,26.944414
2023-12-02 04:00:00+00:00,30.509,23.709,27.18608
2023-12-03 04:00:00+00:00,30.759,24.609001,27.617332
2023-12-04 04:00:00+00:00,31.059,24.159,27.640245
2023-12-05 04:00:00+00:00,31.459,24.709,27.977747
2023-12-06 04:00:00+00:00,31.109001,24.659,27.886084
2023-12-07 04:00:00+00:00,31.459,24.859001,27.767334
2023-12-08 04:00:00+00:00,30.709,25.259,27.919416
2023-12-09 04:00:00+00:00,31.809,25.209,28.158998
2023-12-10 04:00:00+00:00,31.309,25.709,28.467333
2023-12-11 04:00:00+00:00,32.009,25.159,28.213165
2023-12-12 04:00:00+00:00,31.759,25.359001,28.381914
2023-12-13 04:00:00+00:00,31.609001,25.559,28.1215
2023-12-14 04:00:00+00:00,31.009,25.259,27.979834
2023-12-15 04:00:00+00:00,30.659,25.859001,28.002747
2023-12-16 04:00:00+00:00,30.859001,25.459,28.236084
2023-12-17 04:00:00+00:00,31.009,25.859001,28.38608
2023-12-18 04:00:00+00:00,31.809,25.109001,28.502747
2023-12-19 04:00:00+00:00,32.359,26.059,28.688164
2023-12-20 04:00:00+00:00,31.359001,25.859001,28.192335
2023-12-21 04:00:00+00:00,31.659,25.509,28.02983
2023-12-22 04:00:00+00:00,31.509,25.659,28.22567
2023-12-23 04:00:00+00:00,31.509,25.259,28.334
2023-12-24 04:00:00+00:00,31.809,25.859001,28.6215
2023-12-25 04:00:00+00:00,30.959,26.409,28.513166
2023-12-26 04:00:00+00:00,30.909,25.509,28.209002
2023-12-27 04:00:00+00:00,30.509,26.309,27.92775
2023-12-28 04:00:00+00:00,30.859001,26.009,28.144417
2023-12-29 04:00:00+00:00,31.109001,26.159,28.34442
2023-12-30 04:00:00+00:00,30.809,26.409,28.290253
2023-12-31 04:00:00+00:00,30.809,25.459,27.67775
